,rank,Youtuber,subscribers,video views,Title,uploads,lowest_monthly_earnings,highest_monthly_earnings,lowest_yearly_earnings,highest_yearly_earnings
0,1,T-Series,245000000,228000000000.0,T-Series,20082,564600.0,9000000.0,6800000.0,108400000.0
1,2,YouTube Movies,170000000,0.0,youtubemovies,1,0.0,0.05,0.04,0.58
2,3,MrBeast,166000000,28368841870.0,MrBeast,741,337000.0,5400000.0,4000000.0,64700000.0
3,4,Cocomelon - Nursery Rhymes,162000000,164000000000.0,Cocomelon - Nursery Rhymes,966,493800.0,7900000.0,5900000.0,94800000.0
4,5,SET India,159000000,148000000000.0,SET India,116536,455900.0,7300000.0,5500000.0,87500000.0
5,6,Music,119000000,0.0,Music,0,0.0,0.0,0.0,0.0
6,7,ýýý Kids Diana Show,112000000,93247040539.0,ýýý Kids Diana Show,1111,182900.0,2900000.0,2200000.0,35100000.0
7,8,PewDiePie,111000000,29058044447.0,PewDiePie,4716,9800.0,156700.0,117600.0,1900000.0
8,9,Like Nastya,106000000,90479060027.0,Like Nastya Vlog,493,12200.0,195800.0,146800.0,2300000.0
9,10,Vlad and Niki,98900000,77180169894.0,Vlad and Niki,574,145100.0,2300000.0,1700000.0,27900000.0
10,11,Zee Music Company,96700000,57856289381.0,Zee Music Company,8548,200900.0,3200000.0,2400000.0,38600000.0
11,12,WWE,96000000,77428473662.0,WWE,70127,178700.0,2900000.0,2100000.0,34300000.0
12,13,Gaming,93600000,0.0,Gaming,0,0.0,0.0,0.0,0.0
13,14,BLACKPINK,89800000,32144597566.0,BLACKPINK,543,124700.0,2000000.0,1500000.0,23900000.0
14,15,Goldmines,86900000,24118230580.0,goldmines,1,0.0,0.07,0.05,0.86
15,16,Sony SAB,83000000,101000000000.0,Sony SAB,71270,414300.0,6600000.0,5000000.0,79600000.0
16,17,5-Minute Crafts,80100000,26236790209.0,5-Minute Crafts 2.0,1,0.0,0.0,0.0,0.05
17,18,BANGTANTV,75600000,20826993957.0,BANGTANTV,2281,42100.0,673200.0,504900.0,8100000.0
18,19,Sports,75000000,0.0,sports,3,0.0,0.06,0.05,0.77
19,20,Justin Bieber,71600000,30608119724.0,Justin Bieber,249,44100.0,705300.0,529000.0,8500000.0
20,21,HYBE LABELS,71300000,28634566938.0,HYBE LABELS,1337,149500.0,2400000.0,1800000.0,28700000.0
21,22,Zee TV,70500000,73139054467.0,Zee TV,129204,426800.0,6800000.0,5100000.0,81900000.0
22,23,Pinkfong Baby Shark - Kids' Songs & Stories,68200000,38843229963.0,Pinkfong Baby Shark - Kids' Songs & Stories,2865,118300.0,1900000.0,1400000.0,22700000.0
23,24,Canal KondZilla,66500000,36775585925.0,Canal KondZilla,2572,0.0,0.0,0.0,0.0
24,25,ChuChu TV Nursery Rhymes & Kids Songs,65900000,45757850229.0,ChuChu TV Nursery Rhymes & Kids Songs,633,105100.0,1700000.0,1300000.0,20200000.0
25,26,Shemaroo Filmi Gaane,65600000,28648024439.0,Shemaroo Filmi Gaane,8502,63700.0,1000000.0,764900.0,12200000.0
26,27,Colors TV,64600000,61510906457.0,Colors TV,112915,296900.0,4800000.0,3600000.0,57000000.0
27,28,T-Series Bhakti Sagar,61000000,29533230328.0,T- SERIES BHAKTI SAGAR,13,0.0,0.04,0.03,0.48
28,29,Dude Perfect,59500000,16241549158.0,Dude Perfect,389,35300.0,564800.0,423600.0,6800000.0
29,30,Movieclips,59500000,59316472754.0,Movieclips,39113,28700.0,458700.0,344000.0,5500000.0
30,31,Tips Official,59300000,33431802698.0,Tips Official,4741,105700.0,1700000.0,1300000.0,20300000.0
31,32,El Reino Infantil,58400000,57271630846.0,El Reino Infantil,1510,153000.0,2400000.0,1800000.0,29400000.0
32,33,Wave Music,58000000,40602020243.0,Wave Music,19487,58000.0,928100.0,696100.0,11100000.0
33,34,Aaj Tak,57600000,25307753534.0,Aaj Tak,283775,115300.0,1800000.0,1400000.0,22100000.0
34,35,Sony Music India,57200000,28837144516.0,Sony Music India,3882,64800.0,1000000.0,777900.0,12400000.0
35,36,EminemMusic,56900000,27073872856.0,EminemMusic,156,65000.0,1000000.0,780600.0,12500000.0
36,37,Marshmello,56400000,14696003229.0,Marshmello,436,28000.0,448400.0,336300.0,5400000.0
37,38,YRF,54600000,35302243691.0,YRF,3707,128000.0,2000000.0,1500000.0,24600000.0
38,39,LooLoo Kids - Nursery Rhymes and Children's Songs,54000000,32312431239.0,LooLoo Kids - Nursery Rhymes and Children's ï¿½,11,0.04,0.64,0.48,8.0
39,40,Ed Sheeran,53500000,30367676736.0,Ed Sheeran,383,50700.0,810900.0,608200.0,9700000.0
40,41,Infobells - Hindi,53300000,30516172739.0,Infobells - Hindi,577,204000.0,3300000.0,2400000.0,39200000.0
41,42,Taylor Swift,52900000,29884657286.0,Taylor Swift,216,132100.0,2100000.0,1600000.0,25400000.0
42,43,Ariana Grande,52700000,24004842608.0,Ariana Grande,147,40100.0,640900.0,480600.0,7700000.0
43,44,BillionSurpriseToys  - Nursery Rhymes & Cartoons,52200000,9877365274.0,BillionSurpriseToys  - Nursery Rhymes & Cartï¿½,847,66700.0,1100000.0,800200.0,12800000.0
44,45,JuegaGerman,48100000,14631710289.0,JuegaGerman,2052,16600.0,265600.0,199200.0,3200000.0
45,46,Billie Eilish,47900000,13626331061.0,Billie Eilish,65,36700.0,587400.0,440600.0,7000000.0
46,47,Get Movies,47500000,30788679536.0,Get Movies,3322,76600.0,1200000.0,919600.0,14700000.0
47,48,Shemaroo,47400000,22519705183.0,Shemaroo,11451,58200.0,931000.0,698200.0,11200000.0
48,49,Badabun,46800000,19398045702.0,badabun,1,0.11,2.0,1.0,21.0
49,50,SonyMusicIndiaVEVO,46600000,27286058807.0,SonyMusicIndiaVEVO,3444,78600.0,1300000.0,943500.0,15100000.0
50,51,A4,46300000,22936630813.0,aefour,1,0.02,0.38,0.28,5.0
51,52,Bad Bunny,46100000,30686342319.0,badbunny,1,0.0,0.0,0.0,0.05
52,53,Fernanfloo,46100000,10323391593.0,Fernanfloo,543,8500.0,135400.0,101500.0,1600000.0
53,54,Voot Kids,45500000,21388725229.0,Voot Kids,4660,58500.0,936000.0,702000.0,11200000.0
54,55,Felipe Neto,45200000,16602198273.0,Felipe Neto,4331,32600.0,521400.0,391100.0,6300000.0
55,56,Vocï¿½ï¿½ï¿½,44700000,7828610828.0,Vocï¿½ï¿½ï¿½,1558,12000.0,192100.0,144100.0,2300000.0
56,57,HAR PAL GEO,44600000,41139050371.0,HAR PAL GEO,100755,334300.0,5300000.0,4000000.0,64200000.0
57,58,BRIGHT SIDE,44500000,10708531817.0,brightside,0,0.0,0.0,0.0,0.0
58,59,Katy Perry,44200000,25458952022.0,Katy Perry,128,33600.0,537000.0,402700.0,6400000.0
59,60,whinderssonnunes,44200000,4274709210.0,whinderssonnunes,558,6700.0,106700.0,80100.0,1300000.0
60,61,ABS-CBN Entertainment,44200000,50292540392.0,ABS-CBN Entertainment,193890,44200.0,706500.0,529900.0,8500000.0
61,62,Alan Walker,43700000,12884264778.0,alanwalker,8,0.01,0.09,0.07,1.0
62,63,HolaSoyGerman.,43600000,4831311245.0,holasoygerman. 2,6,0.0,0.02,0.01,0.19
63,64,Shakira,43500000,27568757295.0,Shakira,326,88400.0,1400000.0,1100000.0,17000000.0
64,65,ýýýýýýýý ýý ýýýýýýýýýýýýýý,43200000,36458726976.0,ýýýýýýýý ýý ýýýýýýýýýýýýýý,1478,75900.0,1200000.0,911300.0,14600000.0
65,66,ARY Digital HD,43200000,37939780685.0,ARY Digital HD,109871,287300.0,4600000.0,3400000.0,55200000.0
66,67,Speed Records,42500000,26820902622.0,Speed Records,10938,39900.0,639000.0,479300.0,7700000.0
67,68,Masha and The Bear,42400000,24519022988.0,Masha and The Bear,1218,167600.0,2700000.0,2000000.0,32200000.0
68,69,Like Nastya Show,42400000,19547696190.0,Like Nastya Show,618,13300.0,212800.0,159600.0,2600000.0
69,70,Rihanna,41900000,22477745835.0,Rihanna,84,45700.0,731700.0,548800.0,8800000.0
70,71,Ishtar Music,41400000,17608931161.0,Ishtar Music,4510,45200.0,723800.0,542800.0,8700000.0
71,72,Kimberly Loaiza,41300000,5603111948.0,Kimberly Loaiza,291,34200.0,547000.0,410200.0,6600000.0
72,73,Little Baby Bum - Nursery Rhymes & Kids Songs,40900000,39450824833.0,Little Baby Bum - Nursery Rhymes & Kids Songs,2423,24700.0,395100.0,296300.0,4700000.0
73,74,Luisito Comunica,40600000,8670473639.0,Luis Arturo Villar Sudek,0,0.0,0.0,0.0,0.0
74,75,elrubiusOMG,40400000,7410536668.0,elrubiusOMG,703,1400.0,23100.0,17300.0,277100.0
75,76,Toys and Colors,40300000,47005053156.0,Toys and colors,4,0.0,0.02,0.02,0.24
76,77,shfa2 - ï¿½ï¿½,39700000,23884824160.0,shfa2 - ï¿½ï¿½,1596,61900.0,990900.0,743200.0,11900000.0
77,78,LUCCAS NETO - LUCCAS TOON,39400000,22302547082.0,LUCCAS NETO- LUCCAS TOON,1,0.0,0.01,0.01,0.1
78,79,CarryMinati,39200000,3294013141.0,CarryMinati,186,19700.0,314800.0,236100.0,3800000.0
79,80,XXXTENTACION,39200000,10507474316.0,XXXTENTACION,133,14600.0,233400.0,175100.0,2800000.0
80,81,Super Simple Songs - Kids Songs,39200000,44900897958.0,Super Simple Songs - Kids Songs,744,140200.0,2200000.0,1700000.0,26900000.0
81,82,Mikecrack,39100000,16118181673.0,Mikecrack,1876,66000.0,1100000.0,792300.0,12700000.0
82,83,WorkpointOfficial,39000000,36131228583.0,WorkpointOfficial,72580,32600.0,521800.0,391400.0,6300000.0
83,84,GR6 EXPLODE,38900000,25154232306.0,GR6 EXPLODE,3043,408700.0,6500000.0,4900000.0,78500000.0
84,85,TEDx Talks,38600000,7339333120.0,TEDx Talks,200933,11400.0,182600.0,136900.0,2200000.0
85,86,shfa,38400000,21528116909.0,ýýýýýýýýýý ýýýýýý,982,397.0,6400.0,4800.0,76300.0
86,87,Goldmines Gaane Sune Ansune,38300000,16718192386.0,Goldmines Gaane Sune Ansune,3532,203700.0,3300000.0,2400000.0,39100000.0
87,88,One Direction,38200000,13598903820.0,21 Savage,11,2.0,25.0,19.0,305.0
88,89,TheEllenShow,38200000,22756581750.0,TheEllenShow,15672,5500.0,87200.0,65400.0,1000000.0
89,90,Sony PAL,38200000,28519339489.0,Sony PAL,24089,104000.0,1700000.0,1200000.0,20000000.0
90,91,Daddy Yankee,38000000,22731415608.0,Daddy Yankee,505,51400.0,822400.0,616800.0,9900000.0
91,92,Vlad vï¿½ï¿½ï,37900000,23510152352.0,Vlad vï¿½ï¿½ï,515,61000.0,976400.0,732300.0,11700000.0
92,93,Like Nastya ESP,37600000,18208196857.0,Like Nastya ESP,743,80300.0,1300000.0,963100.0,15400000.0
93,94,ýýýýýýýýýýýý one31,37500000,27262462114.0,ýýýýýýýýýýýý one31,117152,35200.0,563000.0,422300.0,6800000.0
94,95,Jkk Entertainment,37200000,16402066717.0,Jkk Entertainment,220,12500.0,199400.0,149600.0,2400000.0
95,96,ABP NEWS,37000000,13102611515.0,ABP NEWS,301308,66800.0,1100000.0,801200.0,12800000.0
96,97,Maria Clara & JP,37000000,24188861917.0,Maria Clara & JP,744,62900.0,1000000.0,754300.0,12100000.0
97,98,Bruno Mars,36700000,19378155425.0,Bruno Mars,99,43800.0,701000.0,525700.0,8400000.0
98,99,Maroon 5,36600000,22553923546.0,Maroon 5,171,38200.0,611300.0,458500.0,7300000.0
99,100,Ultra Bollywood,36600000,15653786446.0,Ultra Bollywood,9168,0.0,0.0,0.0,0.0
100,101,PowerKids TV,36500000,18961241905.0,PowerKids TV,5621,79700.0,1300000.0,956100.0,15300000.0
101,102,YouTube,36300000,3010784935.0,YouTube,744,5300.0,84400.0,63300.0,1000000.0
102,103,News,36300000,0.0,News,0,0.0,0.0,0.0,0.0
103,104,Ozuna,36200000,23355801606.0,Ozuna,196,42300.0,677000.0,507700.0,8100000.0
104,105,MrBeast Gaming,36100000,6331332547.0,MrBeastGaming,5,0.01,0.13,0.1,2.0
105,106,La Granja de Zenï¿½,35700000,27118354077.0,La Granja de Zenï¿½,654,75500.0,1200000.0,906200.0,14500000.0
106,107,Saregama Music,35500000,15657673422.0,Saregama Music,7566,133400.0,2100000.0,1600000.0,25600000.0
107,108,IndiaTV,35500000,16105023749.0,IndiaTV,273255,72700.0,1200000.0,872500.0,14000000.0
108,109,T-Series Bollywood Classics,35400000,22637783517.0,T-Series Bollywood Classics,2010,82900.0,1300000.0,994400.0,15900000.0
109,110,Total Gaming,35400000,5556364230.0,totalgaming,1,0.01,0.21,0.16,3.0
110,111,Markiplier,35200000,20297931219.0,Markiplier,5490,31800.0,509300.0,382000.0,6100000.0
111,112,Ryan's World,35200000,55299840198.0,Ryan's World,2453,59700.0,954500.0,715800.0,11500000.0
112,113,Genevieve's Playhouse - Learning Videos for Kids,34900000,25607397308.0,Genevieve's Playhouse - Learning Videos for ï¿½,617,83800.0,1300000.0,1000000.0,16100000.0
113,114,T-Series Apna Punjab,34600000,21306315429.0,T- Series Apna Punjab,0,0.0,0.0,0.0,0.0
114,115,Techno Gamerz,34400000,9690499664.0,TechnoGamerz,1,0.02,0.34,0.26,4.0
115,116,Geet MP3,34300000,12746535822.0,Geet MP3,679,25300.0,405400.0,304100.0,4900000.0
116,117,J Balvin,34100000,23005313609.0,J Balvin,141,32200.0,514800.0,386100.0,6200000.0
117,118,Jess No Limit,34000000,3963007415.0,Jess No Limit,2284,136800.0,2200000.0,1600000.0,26300000.0
118,119,Jingle Toons,34000000,11351015824.0,Jingle Toons,240,45000.0,719600.0,539700.0,8600000.0
119,120,VEGETTA777,33800000,15432929204.0,VEGETTA777,7606,9800.0,156400.0,117300.0,1900000.0
120,121,Galinha Pintadinha,33800000,27274550757.0,Galinha Pintadinha,66,100900.0,1600000.0,1200000.0,19400000.0
121,122,SSSniperWolf,33700000,23492684419.0,SSSniperWolf,3366,52700.0,843800.0,632900.0,10100000.0
122,123,Desi Music Factory,33700000,10189027455.0,Desi music factory,2,0.0,0.0,0.0,0.0
123,124,Selena Gomez,33600000,13013567335.0,Selena Gomez,188,28900.0,463200.0,347400.0,5600000.0
124,125,Rajshri,33500000,14864294792.0,Rajshri,3741,68100.0,1100000.0,816800.0,13100000.0
125,126,Ch3Thailand,33500000,29611914495.0,Ch3Thailand,96214,0.0,0.0,0.0,0.0
126,127,KHANDESHI MOVIES,33500000,11405809704.0,KHANDESHI MOVIES,217,6200.0,98900.0,74200.0,1200000.0
127,128,NoCopyrightSounds,33400000,10530729078.0,NoCopyrightSounds,1331,13900.0,222600.0,167000.0,2700000.0
128,129,CVS 3D Rhymes & Kids Songs,33400000,20269857567.0,CVS 3D Rhymes & Kids Songs,338,34000.0,544300.0,408300.0,6500000.0
129,130,Ricis Official,33300000,5994136760.0,Ricis Official,2736,39300.0,628400.0,471300.0,7500000.0
130,131,BabyBus - Kids Songs and Cartoons,32800000,26355088167.0,BabyBus - Kids Songs and Cartoons,2122,31900.0,510000.0,382500.0,6100000.0
131,132,Eros Now Music,32700000,17853798780.0,Mzaalo,1521,5100.0,81100.0,60800.0,972600.0
132,133,BETER Bï¿½ï¿½,32700000,19180039918.0,BETER Bï¿½ï¿½,2738,365900.0,5900000.0,4400000.0,70200000.0
133,134,DisneyMusicVEVO,32700000,28516250629.0,DisneyMusicVEVO,2068,82500.0,1300000.0,989600.0,15800000.0
134,135,The Weeknd,32600000,23379969006.0,The Weeknd,169,93500.0,1500000.0,1100000.0,17900000.0
135,136,WowKidz,32200000,16613441479.0,wowkidz,2,0.0,0.0,0.0,0.05
136,137,KAROL G,32100000,18699145555.0,KAROL G,134,116400.0,1900000.0,1400000.0,22400000.0
137,138,Mr Bean,32100000,10602236110.0,Mr Bean,3091,14100.0,226100.0,169600.0,2700000.0
138,139,rezendeevil,32100000,13061739758.0,rezendeevil,11882,11100.0,178000.0,133500.0,2100000.0
139,140,StarPlus,32000000,26800674545.0,StarPlus,44892,416800.0,6700000.0,5000000.0,80000000.0
140,141,SMTOWN,31900000,27330239663.0,SMTOWN,4158,58400.0,933600.0,700200.0,11200000.0
141,142,GMA  Network,31900000,19428308461.0,GMA  Network,93311,199600.0,3200000.0,2400000.0,38300000.0
142,143,GENIAL,31800000,6762424690.0,GENIAL,6734,7900.0,125800.0,94400.0,1500000.0
143,144,MR. INDIAN HACKER,31700000,5711208484.0,MR. INDIAN HACKER,929,27300.0,436500.0,327400.0,5200000.0
144,145,Worldwide Records Bhojpuri,31700000,16476978876.0,Worldwide Records Bhojpuri,6518,28200.0,450600.0,337900.0,5400000.0
145,146,DONA ï¿½ï¿½,31700000,21031745531.0,DONA ï¿½ï¿½,166,38300.0,613100.0,459800.0,7400000.0
146,147,Dream,31700000,2930015381.0,Dream,116,6800.0,108100.0,81100.0,1300000.0
147,148,Lucas and Marcus,31600000,11615848291.0,Lucas and Marcus,1321,78000.0,1200000.0,936300.0,15000000.0
148,149,JustinBieberVEVO,31600000,26583873105.0,JustinBieberVEVO,204,26300.0,420500.0,315400.0,5000000.0
149,150,Luis Fonsi,31400000,15176762479.0,luisfonsi,0,0.0,0.0,0.0,0.0
150,151,Peppa Pig - Official Channel,31400000,22919271731.0,Peppa Pig - Official Channel,3589,61200.0,979700.0,734800.0,11800000.0
151,152,YOLO AVENTURAS,31200000,9673649438.0,YOLO AVENTURAS,65,0.9,14.0,11.0,172.0
152,153,The Tonight Show Starring Jimmy Fallon,31200000,17111726160.0,The Tonight Show Starring Jimmy Fallon,8976,0.0,0.0,0.0,0.0
153,154,TheDonato,31200000,6187804950.0,TheDonato,3027,47700.0,762700.0,572000.0,9200000.0
154,155,ImagineDragons,30700000,16793072362.0,ImagineDragons,92,47200.0,755300.0,566500.0,9100000.0
155,156,Diana and Roma ESP,30700000,12355992466.0,Diana and Roma ESP,578,25700.0,412000.0,309000.0,4900000.0
156,157,Round2hell,30700000,3145161634.0,Round2hell,67,8000.0,127300.0,95500.0,1500000.0
157,158,Zee News,30500000,16709857823.0,Zee News,180092,115400.0,1800000.0,1400000.0,22200000.0
158,159,AboFlah,30500000,4521573939.0,AboFlah,641,39500.0,631600.0,473700.0,7600000.0
159,160,AH,30400000,4332274962.0,AH,2197,5400.0,85800.0,64300.0,1000000.0
160,161,Trap Nation,30400000,14037426379.0,Trap Nation,2725,11500.0,183300.0,137500.0,2200000.0
161,162,ýýýýýýýýýýýýýýý ýýýýýý ýýýýýýýýýýýýýýýýýý,30400000,17999961915.0,ýýýýýýýýýýýýýýý ýýýýýý ýýýýýýýýýýýýýýýýýý,532,30700.0,491700.0,368800.0,5900000.0
162,163,Boram Tube Vlog [ï¿½ï¿½ï¿½ï¿½ï¿½ï¿½ï¿½ï¿½ï¿,30300000,13546549817.0,Boram Tube Vlog [ï¿½ï¿½ï¿½ï¿½ï¿½ï¿½ï¿½ï¿½ï¿,223,5700.0,90900.0,68200.0,1100000.0
163,164,Adele,30200000,14199108016.0,Adele,15,34300.0,548400.0,411300.0,6600000.0
164,165,Talking Tom,30200000,15199330166.0,TalkingTom,2,0.0,0.0,0.0,0.0
165,166,ýýýýýýýý ýýýýýýýý ýýýýýýýýýý | toyoraljanahtv,30200000,27684955537.0,ýýýýýýýý ýýýýýýýý ýýýýýýýýýý | toyoraljanahtv,3254,29100.0,465700.0,349300.0,5600000.0
166,167,Frost Diamond,30100000,7277493940.0,frostdiamond,0,0.0,0.0,0.0,0.0
167,168,Spinnin' Records,30100000,19607009165.0,Spinnin' Records,11501,25000.0,400200.0,300100.0,4800000.0
168,169,Little Angel: Nursery Rhymes & Kids Songs,30100000,22593193994.0,Little Angel: Nursery Rhymes & Kids Songs,1349,26900.0,430100.0,322600.0,5200000.0
169,170,jacksepticeye,30100000,16246625836.0,jacksepticeye,5114,10100.0,161700.0,121300.0,1900000.0
170,171,Shawn Mendes,30000000,12831200855.0,Shawn Mendes,133,22200.0,355000.0,266200.0,4300000.0
171,172,ashish chanchlani vines,29800000,4457913639.0,ashish chanchlani vines,151,6500.0,104700.0,78500.0,1300000.0
172,173,Ultra Records,29600000,17208027242.0,Ultra Records,4903,20500.0,327500.0,245700.0,3900000.0
173,174,Popular on YouTube,29300000,0.0,Popular on Youtube,3,0.0,0.0,0.0,0.05
174,175,Maluma,29300000,21226945136.0,MaLuMa,14,0.0,0.06,0.05,0.72
175,176,Zhong,29200000,14727238483.0,Zhong,1513,0.0,0.0,0.0,0.0
176,177,Enaldinho,29200000,11627437847.0,Enaldinho,3654,75800.0,1200000.0,909300.0,14500000.0
177,178,AuronPlay,29200000,4079141673.0,AuronPlay,404,3000.0,48600.0,36400.0,582900.0
178,179,Shorts Break,29000000,19466238065.0,shorts break,42,15.0,243.0,182.0,2900.0
179,180,infobells - Tamil,28900000,17930570614.0,infobells - Tamil,555,27500.0,439300.0,329500.0,5300000.0
180,181,Aditya Music India,28500000,25857994495.0,Aditya Music,0,0.0,0.0,0.0,0.0
181,182,The Late Late Show with James Corden,28400000,9956764048.0,The Late Late Show with James Corden,5809,6600.0,105700.0,79300.0,1300000.0
182,183,Aditya Movies,28400000,10062770060.0,Aditya Movies,5436,56800.0,909400.0,682100.0,10900000.0
183,184,Masha y el Oso,28300000,13577142726.0,Masha y El oso,6,0.0,0.01,0.01,0.1
184,185,infobells - Telugu,28300000,14814192034.0,infobells - Telugu,505,72000.0,1200000.0,864300.0,13800000.0
185,186,HUM TV,28300000,23844936965.0,HUM TV,106983,171200.0,2700000.0,2100000.0,32900000.0
186,187,Shemaroo Movies,28200000,7600740993.0,Shemaroo Movies,3009,46200.0,739900.0,554900.0,8900000.0
187,188,Michael Jackson,28200000,14412474625.0,Michael Jackson,15,39600.0,634400.0,475800.0,7600000.0
188,189,Drake,28100000,15318895118.0,drake,3,0.01,0.12,0.09,1.0
189,190,Goldmines Dishoom,28000000,8603468420.0,Goldmines Dishoom,3878,32300.0,516800.0,387600.0,6200000.0
190,191,Sandeep Maheshwari,27800000,2303069221.0,Sandeepmaheshwari,0,0.0,0.0,0.0,0.0
191,192,Bounce Patrol - Kids Songs,27800000,21037851468.0,Bounce Patrol - Kids Songs,292,31900.0,509800.0,382300.0,6100000.0
192,193,toycantando,27700000,15777682516.0,toycantando,619,43500.0,695300.0,521500.0,8300000.0
193,194,MrBeast 2,27500000,4552581106.0,Leaux Pass,27,0.0,0.0,0.0,0.0
194,195,Wiz Khalifa,27500000,13379395501.0,Wiz Khalifa,682,22600.0,361800.0,271300.0,4300000.0
195,196,JYP Entertainment,27400000,19883150017.0,JYP Entertainment,1753,76900.0,1200000.0,922900.0,14800000.0
196,197,ýýý Kids Roma Show,27400000,10336420490.0,ýýý Kids Roma Show,642,44000.0,703400.0,527500.0,8400000.0
197,198,DanTDM,27400000,19417887510.0,DanTDM,3664,19700.0,314700.0,236000.0,3800000.0
198,199,Nick Jr.,27300000,22440611155.0,Nick Jr.,5438,10600.0,170200.0,127600.0,2000000.0
199,200,Crazy XYZ,27300000,7705492350.0,Crazy XYZ,1259,25600.0,408900.0,306700.0,4900000.0
200,201,ToyPuddingTV,27100000,15916882228.0,ToyPudding TV[ï¿½ï¿½ï¿½ï¿½ï,2,0.0,0.06,0.04,0.67
201,202,Dushyant kukreja,27100000,17318452893.0,Dushyant kukreja,889,107400.0,1700000.0,1300000.0,20600000.0
202,203,Gulshan Kalra,27100000,12732444881.0,Gulshan Kalra,545,125700.0,2000000.0,1500000.0,24100000.0
203,204,Brent Rivera,27000000,6570935979.0,Brent Rivera,554,36100.0,577800.0,433400.0,6900000.0
204,205,Renato Garcia YT,26900000,7938616641.0,Renato Garcia YT,3956,20700.0,331600.0,248700.0,4000000.0
205,206,Beast Reacts,26700000,4388047013.0,Beast Reacts,241,69000.0,1100000.0,828600.0,13300000.0
206,207,enchufetv,26700000,10317306313.0,enchufetv,975,6100.0,97500.0,73100.0,1200000.0
207,208,Netflix,26700000,7173668905.0,Netflix,6471,29600.0,472900.0,354700.0,5700000.0
208,209,Raffy Tulfo in Action,26500000,15065753455.0,Raffy Tulfo in Action,10022,40800.0,652500.0,489400.0,7800000.0
209,210,WORLDSTARHIPHOP,26500000,20358117330.0,WORLDSTARHIPHOP,6873,22300.0,356400.0,267300.0,4300000.0
210,211,Goldmines Bollywood,26400000,8595760553.0,Goldmines Bollywood,3622,24900.0,398700.0,299000.0,4800000.0
211,212,Alan Chikin Chow,26400000,27006526665.0,Alan Chikin Chow,865,261500.0,4200000.0,3100000.0,50200000.0
212,213,PANDA BOI,26400000,17211600007.0,PANDA BOI,967,306400.0,4900000.0,3700000.0,58800000.0
213,214,BB Ki Vines,26300000,4749833967.0,BB Ki Vines,190,4300.0,69100.0,51800.0,828600.0
214,215,D Billions,26200000,31977463002.0,D Billions,775,121800.0,1900000.0,1500000.0,23400000.0
215,216,Junya.ï¿½ï¿½ï¿½ï¿½,26200000,16097531087.0,Junya.ï¿½ï¿½ï¿½ï¿½,5985,180500.0,2900000.0,2200000.0,34600000.0
216,217,Smosh,26100000,10435474336.0,Smosh,1619,17000.0,272600.0,204500.0,3300000.0
217,218,1MILLION Dance Studio,26100000,7886440199.0,1MILLION Dance Studio,0,0.0,0.0,0.0,0.0
218,219,NichLmao,26000000,14101010609.0,NichLmao,868,151600.0,2400000.0,1800000.0,29100000.0
219,220,Beyoncï¿,26000000,17308961985.0,Beyoncï¿,240,13900.0,221800.0,166400.0,2700000.0
220,221,Marï¿½ï¿½ï¿½ï¿½ï¿½,26000000,18597534412.0,mariliamendonca,1,0.0,0.01,0.01,0.14
221,222,Indosiar,25900000,11372071889.0,Indosiar,65286,57500.0,920700.0,690500.0,11000000.0
222,223,VanossGaming,25800000,15541421838.0,VanossGaming,1762,13700.0,219800.0,164800.0,2600000.0
223,224,David Guetta,25700000,17793809548.0,David Guetta,749,41100.0,656900.0,492600.0,7900000.0
224,225,LosPolinesios,25700000,7466926260.0,LosPolinesios,982,7600.0,122000.0,91500.0,1500000.0
225,226,Nicki Minaj,25700000,10242981063.0,Nicki Minaj,42,25900.0,414500.0,310900.0,5000000.0
226,227,Fede Vigevani,25600000,7962725960.0,Fede Vigevani,0,0.0,0.0,0.0,0.0
227,228,TaylorSwiftVEVO,25600000,25592378292.0,TaylorSwiftVEVO,287,79600.0,1300000.0,955800.0,15300000.0
228,229,ZHC,25500000,2726917087.0,zhc,5,0.01,0.08,0.06,0.96
229,230,Post Malone,25500000,14401218086.0,Post Malone,78,48900.0,782000.0,586500.0,9400000.0
230,231,Rans Entertainment,25400000,6430853035.0,Rans Entertainment,3716,14600.0,233900.0,175500.0,2800000.0
231,232,LankyBox,25400000,34300482066.0,LankyBox,8775,203800.0,3300000.0,2400000.0,39100000.0
232,233,Coldplay,25300000,17331663193.0,Coldplay,398,49700.0,795500.0,596600.0,9500000.0
233,234,Las Ratitas,25200000,9602246828.0,LAS RATITAS,4,0.0,0.04,0.03,0.53
234,235,WB Kids,25200000,11081602368.0,WB Kids,2025,35100.0,561300.0,421000.0,6700000.0
235,236,ABPLIVE,25200000,7968363381.0,ABPLIVE,12,0.0,0.01,0.01,0.1
236,237,Chris Brown,25200000,15520569496.0,ChrisBrown,0,0.0,0.0,0.0,0.0
237,238,The Lallantop,25200000,10409352249.0,The Lallantop,51129,68500.0,1100000.0,821800.0,13100000.0
238,239,RihannaVEVO,25100000,19458807708.0,RihannaVEVO,118,23600.0,377000.0,282700.0,4500000.0
239,240,WatchMojo.com,25100000,16357064198.0,WatchMojo.com,24837,12300.0,196000.0,147000.0,2400000.0
240,241,TRANS7 OFFICIAL,25000000,14169516119.0,TRANS7 OFFICIAL,89179,30800.0,492800.0,369600.0,5900000.0
241,242,Anuel AA,25000000,14827085149.0,Anuel AA,147,71000.0,1100000.0,852400.0,13600000.0
242,243,Dan Rhodes,24800000,17387583720.0,Dan Rhodes,1644,83000.0,1300000.0,995700.0,15900000.0
243,244,Yuya,24800000,2588501115.0,Yuya,672,84.0,1300.0,1000.0,16100.0
244,245,America's Got Talent,24800000,3699352704.0,America's Got Talent,1894,33600.0,537600.0,403200.0,6500000.0
245,246,mujjuu___14,24800000,14655527943.0,mujjuu___14,872,100100.0,1600000.0,1200000.0,19200000.0
246,247,EminemVEVO,24700000,20531704527.0,EminemVEVO,104,34900.0,557800.0,418300.0,6700000.0
247,248,Chloe Ting,24700000,2994726412.0,Chloe Ting,412,5800.0,93100.0,69800.0,1100000.0
248,249,KatyPerryVEVO,24600000,23755792542.0,KatyPerryVEVO,175,22200.0,355800.0,266800.0,4300000.0
249,250,Mark Rober,24600000,3647987299.0,Mark Rober,120,22200.0,354500.0,265900.0,4300000.0
250,251,1theK (ï¿½ï¿½ï¿½ï¿½ï,24500000,23962070944.0,1theK (ï¿½ï¿½ï¿½ï¿½ï,18950,26400.0,422300.0,316700.0,5100000.0
251,252,Like Nastya AE,24400000,12385924995.0,Like Nastya AE,658,42500.0,679500.0,509600.0,8200000.0
252,253,Amit Bhadana,24300000,2380248899.0,Amit Bhadana,17,0.0,0.02,0.02,0.24
253,254,Pen Movies,24300000,6608773195.0,Pen Movies,1667,23700.0,379400.0,284600.0,4600000.0
254,255,MrBeast en Espaï¿½ï,24200000,2700914170.0,MrBeast en Espaï¿½ï,67,8400.0,134400.0,100800.0,1600000.0
255,256,shfa show India,24200000,15724160183.0,shfa show India,469,37800.0,604800.0,453600.0,7300000.0
256,257,Super JoJo - Nursery Rhymes & Kids Songs,24100000,329774870.0,Super JoJo - Nursery Rhymes & Kids Songs,36,82100.0,1300000.0,985500.0,15800000.0
257,258,Alejo Igoa,24100000,10999000479.0,Alejo Igoa,802,100400.0,1600000.0,1200000.0,19300000.0
258,259,Daniel LaBelle,24100000,12916159065.0,Daniel LaBelle,287,99700.0,1600000.0,1200000.0,19100000.0
259,260,netd mï¿½ï¿,24100000,56106087508.0,netd mï¿½ï¿,23491,106200.0,1700000.0,1300000.0,20400000.0
260,261,DJ Snake,24100000,8425505919.0,DJ Snake,252,15800.0,253200.0,189900.0,3000000.0
261,262,Diana and Roma ARA,24100000,11041261296.0,Diana and Roma ARA,590,16700.0,267500.0,200700.0,3200000.0
262,263,KSI,24100000,6002166932.0,KSI,1252,1400.0,21800.0,16300.0,261100.0
263,264,Spider Slack,24000000,13943030228.0,Spider Slack,901,190400.0,3000000.0,2300000.0,36500000.0
264,265,Goldmines Movies,24000000,5652938599.0,Ti Ti,3,0.0,0.01,0.01,0.14
265,266,Preston,24000000,8279004442.0,Preston,4009,37900.0,606800.0,455100.0,7300000.0
266,267,James Charles,23900000,4067878931.0,James Charles,505,14500.0,232500.0,174400.0,2800000.0
267,268,Collins Key,23900000,6582932625.0,Collins Key,257,2700.0,43400.0,32600.0,520900.0
268,269,Diana and Roma EN,23900000,7213499085.0,Diana and Roma EN,511,44400.0,711100.0,533300.0,8500000.0
269,270,Venus Entertainment,23800000,5663125358.0,Venus Entertainment,70,8.0,127.0,95.0,1500.0
270,271,Troom Troom,23800000,10414479943.0,Troom Troom,2425,24500.0,392200.0,294200.0,4700000.0
271,272,Enrique Iglesias,23800000,17688774915.0,Enrique Iglesias,443,30700.0,491700.0,368700.0,5900000.0
272,273,Ninja,23700000,2543809954.0,Ninja,1732,2100.0,33500.0,25100.0,401700.0
273,274,FaZe Rug,23700000,7451792132.0,FaZeRug,0,0.0,0.0,0.0,0.0
274,275,Mister Max,23700000,15510153803.0,Mister Max,1099,8200.0,131300.0,98400.0,1600000.0
275,276,That Little Puff,23700000,20289689389.0,That Little Puff,769,188800.0,3000000.0,2300000.0,36200000.0
276,277,NickyJamTV,23600000,15901824841.0,NickyJamTV,392,19500.0,311700.0,233800.0,3700000.0
277,278,Juan De Dios Pantoja,23600000,2135644776.0,Juan De Dios Pantoja,226,11700.0,187400.0,140600.0,2200000.0
278,279,Logan Paul,23600000,5994002464.0,Logan Paul,719,2700.0,43200.0,32400.0,518600.0
279,280,Maya and Mary,23600000,6766461070.0,Maya and Mary,552,11100.0,178200.0,133600.0,2100000.0
280,281,Peppa Pig Espaï¿½ï¿½ï¿½ï¿½ï¿½ï¿½ï¿½ï¿½ï¿½,23600000,7920637200.0,Peppa Pig Espaï¿½ï¿½ï¿½ï¿½ï¿½ï¿½ï¿½ï¿½ï¿½,1251,13400.0,214400.0,160800.0,2600000.0
281,282,Jelly,23500000,14777034543.0,Jelly,6066,10400.0,166700.0,125000.0,2000000.0
282,283,Miss Katy,23500000,14696994366.0,Miss Katy,1044,14900.0,238500.0,178900.0,2900000.0
283,284,Tilak,23400000,9465863821.0,Tilak,6672,91800.0,1500000.0,1100000.0,17600000.0
284,285,Valentina Pontes ofc,23400000,7926899136.0,Valentina Pontes ofc,1291,7100.0,113100.0,84900.0,1400000.0
285,286,Sesame Street,23300000,22471357411.0,Sesame Street,3657,31000.0,496700.0,372600.0,6000000.0
286,287,Happy Lives,23200000,2634.0,Happy Lives,1,0.0,0.0,0.0,0.0
287,288,Lady Gaga,23200000,15751661213.0,Lady Gaga,172,35800.0,572700.0,429500.0,6900000.0
288,289,Akshay Nagwadiya,23200000,7966720147.0,Akshay Nagwadiya,595,80300.0,1300000.0,963500.0,15400000.0
289,290,Wave Music Bhojpuri,23100000,12889240875.0,Wave Music Bhojpuri,22578,13200.0,210700.0,158000.0,2500000.0
290,291,GMM GRAMMY OFFICIAL,23100000,25579831081.0,GMM GRAMMY OFFICIAL,15462,32600.0,520900.0,390700.0,6300000.0
291,292,TED,23100000,2551113422.0,TED,4445,3300.0,53000.0,39700.0,635800.0
292,293,unknown boy varun,23100000,9299371231.0,unknown boy varun,456,76000.0,1200000.0,912100.0,14600000.0
293,294,Kids TV - Nursery Rhymes And Baby Songs,23100000,13151870846.0,Kids TV - Nursery Rhymes And Baby Songs,3781,32100.0,513800.0,385300.0,6200000.0
294,295,Tsuriki Show,23000000,31494513067.0,Tsuriki Show,2905,189200.0,3000000.0,2300000.0,36300000.0
295,296,Technical Guruji,23000000,3378047383.0,Technical Guruji,5041,5600.0,89000.0,66800.0,1100000.0
296,297,DrossRotzank,23000000,6041264489.0,DrossRotzank,1598,8900.0,142200.0,106600.0,1700000.0
297,298,White Hill Music,23000000,10939966484.0,White Hill Music,5718,23300.0,372700.0,279500.0,4500000.0
298,299,Ultra Movie Parlour,22900000,5320485069.0,Ultra Movie Parlour,1670,0.0,0.0,0.0,0.0
299,300,Alan Becker,22900000,5380073627.0,Alan Becker,0,0.0,0.0,0.0,0.0
300,301,toyorbabytv,22900000,16298342829.0,toyorbabytv,1159,42300.0,676200.0,507200.0,8100000.0
301,302,BabyBus - Canciones Infantiles & Videos para Niï¿½ï,22900000,13206471140.0,BabyBus - Canciones Infantiles & Videos paraï¿½,1251,34200.0,547300.0,410500.0,6600000.0
302,303,KL BRO Biju Rithvik,22800000,17988347989.0,KL BRO Biju Rithvik,1841,508100.0,8100000.0,6100000.0,97600000.0
303,304,Vania Mania Kids,22700000,10115316784.0,Vania Mania Kids,985,38800.0,620900.0,465600.0,7500000.0
304,305,Like Nastya PRT,22700000,11568118121.0,Like Nastya PRT,654,24200.0,386500.0,289800.0,4600000.0
305,306,Sun TV,22600000,20847038152.0,Sun TV,60964,245600.0,3900000.0,2900000.0,47100000.0
306,307,Heroindori,22600000,9223534599.0,Heroindori,495,99800.0,1600000.0,1200000.0,19200000.0
307,308,The Chainsmokers,22600000,14231943358.0,The Chainsmokers,180,20400.0,326600.0,245000.0,3900000.0
308,309,mmoshaya,22600000,17507060680.0,mmoshaya,1189,18500.0,295300.0,221500.0,3500000.0
309,310,Sia,22600000,13405849040.0,Sia,171,23800.0,381000.0,285800.0,4600000.0
310,311,LeoNata Family,22600000,27084848152.0,LeoNata Family,2321,293500.0,4700000.0,3500000.0,56300000.0
311,312,Goldmines Cineplex,22500000,2431154438.0,Goldmines Cineplex,3377,12200.0,195000.0,146200.0,2300000.0
312,313,Vlad and Niki Arabic,22500000,10613701948.0,Vlad and Niki Arabic,526,16300.0,260300.0,195200.0,3100000.0
313,314,SSundee,22500000,13835173331.0,SSundee,3315,43800.0,700400.0,525300.0,8400000.0
314,315,Paulo Londra,22400000,8040036209.0,Paulo Londra,58,18100.0,289000.0,216700.0,3500000.0
315,316,Smile Family,22300000,8663830163.0,SMILE Family,34,0.18,3.0,2.0,35.0
316,317,FGTeeV,22300000,24059336857.0,FGTeeV,1724,33000.0,528400.0,396300.0,6300000.0
317,318,Kinder Spielzeug Kanal (Kidibli),22200000,11136266461.0,Kinder Spielzeug Kanal (Kidibli),999,34800.0,557300.0,418000.0,6700000.0
318,319,Charlie Puth,22000000,9924807127.0,Charlie Puth,157,27900.0,446000.0,334500.0,5400000.0
319,320,Vlad and Niki ESP,22000000,8594440895.0,Vlad and Niki ESP,515,46000.0,735500.0,551600.0,8800000.0
320,321,Sagawa /ï¿½ï¿½ï¿½,22000000,18347969186.0,Sagawa /ï¿½ï¿½ï¿½,6274,177800.0,2800000.0,2100000.0,34100000.0
321,322,Ben Azelart,21900000,4454917643.0,Ben Azelart,301,46200.0,739800.0,554800.0,8900000.0
322,323,Zach Choi ASMR,21900000,5918314128.0,Zach Choi ASMR,946,58600.0,936900.0,702700.0,11200000.0
323,324,Topper Guild,21900000,15552070846.0,Topper Guild,816,171800.0,2700000.0,2100000.0,33000000.0
324,325,Disney Latinoamï¿½ï¿½,21900000,20657571751.0,disneylatinoamerica,116,1.0,19.0,14.0,227.0
325,326,Stokes Twins,21800000,4469711607.0,Stokes Twins,257,49500.0,791800.0,593900.0,9500000.0
326,327,National Geographic,21800000,5614621131.0,National Geographic,10162,11500.0,183200.0,137400.0,2200000.0
327,328,Dua Lipa,21800000,11288359365.0,Dua Lipa,164,32000.0,512200.0,384100.0,6100000.0
328,329,OneDirectionVEVO,21800000,12140232004.0,OneDirectionVEVO,266,12800.0,204500.0,153400.0,2500000.0
329,330,Rotana,21800000,19329351143.0,rotana5018,135,3.0,42.0,32.0,507.0
330,331,Netflix India,21800000,7780934187.0,NETFLIX INDIA,1,0.0,0.0,0.0,0.0
331,332,Sourav Joshi Vlogs,21700000,9392093496.0,Sourav Joshi Vlogs,1390,66300.0,1100000.0,796000.0,12700000.0
332,333,ZAMZAM ELECTRONICS TRADING,21700000,8507818877.0,ZAMZAM ELECTRONICS TRADING,15126,399600.0,6400000.0,4800000.0,76700000.0
333,334,DUDU e CAROL,21600000,9597894786.0,DUDU e CAROL,2942,48300.0,772700.0,579500.0,9300000.0
334,335,Village Cooking Channel,21600000,5863377051.0,Village Cooking Channel,219,48700.0,778400.0,583800.0,9300000.0
335,336,Eva Bravo Play,21600000,9346383505.0,Eva Bravo Play,228,16000.0,255700.0,191800.0,3100000.0
336,337,Tekashi 6ix9ine,21500000,5890180734.0,Tekashi 6ix9ine,51,28400.0,454200.0,340600.0,5400000.0
337,338,Tlnovelas,21500000,15013096899.0,tlnovelas,158,4.0,62.0,46.0,742.0
338,339,SMOL,21500000,22065582014.0,Claudio,6,0.0,0.01,0.01,0.14
339,340,invictor,21500000,8409641722.0,INVICTOR,17,0.01,0.2,0.15,2.0
340,341,YOLO,21400000,1573058816.0,YOLO,0,0.0,0.0,0.0,0.0
341,342,Sidhu Moose Wala,21400000,6264261757.0,Sidhu Moose Wala,114,40200.0,642800.0,482100.0,7700000.0
342,343,The Royalty Family,21300000,6269945014.0,The Royalty Family,733,40100.0,640900.0,480700.0,7700000.0
343,344,Becky G,21300000,10644857969.0,Becky G,78,25800.0,412700.0,309500.0,5000000.0
344,345,Ishaan Ali 11,21300000,12761253839.0,Ishaan Ali 11,951,182400.0,2900000.0,2200000.0,35000000.0
345,346,Infinite,21300000,5141834668.0,Infinite,1608,17100.0,273400.0,205100.0,3300000.0
346,347,Azhan5star,21300000,10047736580.0,Azhan5star,669,59100.0,945200.0,708900.0,11300000.0
347,348,Dangal TV Channel,21300000,12895427184.0,Dangal TV Channel,20225,140300.0,2200000.0,1700000.0,26900000.0
348,349,Khan GS Research Centre,21200000,2073073070.0,KHAN GS RESEARCH CENTRE,1,0.0,0.0,0.0,0.0
349,350,GMA Public  Affairs,21200000,11364908616.0,GMA Public  Affairs,31989,35600.0,569300.0,427000.0,6800000.0
350,351,Tasty,21100000,5783557209.0,Tasty,4728,6200.0,98800.0,74100.0,1200000.0
351,352,Baim Paula,21100000,4526271677.0,Baim Paula,2325,6700.0,107900.0,80900.0,1300000.0
352,353,nigahiga,21000000,4380564906.0,nigahiga,403,619.0,9900.0,7400.0,118900.0
353,354,Rafa & Luiz,21000000,7762905663.0,Rafa & Luiz,2883,29600.0,473600.0,355200.0,5700000.0
354,355,Lyrical Lemonade,21000000,10631638628.0,Lyrical Lemonade,420,20000.0,320200.0,240200.0,3800000.0
355,356,Vlad and Niki IDN,21000000,9789121606.0,Vlad and Niki IDN,498,33300.0,533400.0,400100.0,6400000.0
356,357,Dr. Vivek Bindra: Motivational Speaker,20900000,1693149479.0,Dr. Vivek Bindra: Motivational Speaker,896,7100.0,114400.0,85800.0,1400000.0
357,358,Fatos Desconhecidos,20900000,3828000587.0,Fatos Desconhecidos,6262,13100.0,209300.0,157000.0,2500000.0
358,359,Brave Wilderness,20900000,4927879069.0,Brave Wilderness,982,0.0,0.0,0.0,0.0
359,360,LIV Crime,20900000,11058049885.0,LIV Crime,9850,95900.0,1500000.0,1200000.0,18400000.0
360,361,Minecraft - Topic,20900000,0.0,Minecraft - Topic,0,0.0,0.0,0.0,0.0
361,362,Romeo Santos,20900000,17324976752.0,RomeoSantos,6,0.02,0.4,0.3,5.0
362,363,Canal Canalha,20800000,1870608170.0,Canal Canalha,288,6000.0,95600.0,71700.0,1100000.0
363,364,Kurzgesagt ï¿½ï¿½ï¿½ï¿½ï¿½ï¿,20800000,2378448129.0,Kurzgesagt ï¿½ï¿½ï¿½ï¿½ï¿½ï¿,193,7300.0,117100.0,87800.0,1400000.0
364,365,Yoeslan,20700000,17963202261.0,Yoeslan,619,218700.0,3500000.0,2600000.0,42000000.0
365,366,5-Minute Crafts DIY,20700000,5091618606.0,5-Minute Crafts DIY,5062,5000.0,80000.0,60000.0,960600.0
366,367,Zach King,20700000,5410164682.0,Zach King,6,0.03,0.5,0.38,6.0
367,368,tuzelity SHUFFLE,20700000,8658941531.0,tuzelity SHUFFLE,889,138100.0,2200000.0,1700000.0,26500000.0
368,369,NBA,20700000,12624879732.0,NBA,47926,18300.0,292100.0,219100.0,3500000.0
369,370,Deddy Corbuzier,20600000,4956090094.0,deddycorbuzier,15,0.02,0.34,0.26,4.0
370,371,Bizarrap,20600000,7657171980.0,Bizarrap,83,48300.0,772700.0,579500.0,9300000.0
371,372,Avicii,20600000,10292874715.0,Avicii,156,20300.0,324900.0,243700.0,3900000.0
372,373,Mnet K-POP,20500000,15038593883.0,Mnet K-POP,33229,39600.0,634200.0,475600.0,7600000.0
373,374,LazarBeam,20500000,8768697257.0,LazarBeam,1323,6500.0,104300.0,78200.0,1300000.0
374,375,Ninja Kidz TV,20500000,11009148579.0,Ninja Kidz TV,296,48800.0,780800.0,585600.0,9400000.0
375,376,Totoy kids - Portuguï¿½,20400000,1796227417.0,Totoy kids - Portuguï¿½,206,9900.0,158000.0,118500.0,1900000.0
376,377,Jake Paul,20400000,7311322368.0,Jake Paul,1006,3700.0,58600.0,43900.0,703000.0
377,378,Linkin Park,20400000,13397000296.0,linkinpark,0,0.0,0.0,0.0,0.0
378,379,Vijay Television,20400000,29406206620.0,Vijay Television,51515,226900.0,3600000.0,2700000.0,43600000.0
379,380,SlivkiShow,20400000,4707412332.0,SlivkiShow,462,7200.0,116000.0,87000.0,1400000.0
380,381,Emiway Bantai,20400000,3579555124.0,Emiway Bantai,239,10300.0,165200.0,123900.0,2000000.0
381,382,Got Talent Global,20300000,2441288701.0,Got Talent Global,1245,21600.0,345800.0,259400.0,4100000.0
382,383,ýýýýýýýýýýýýýýý - Genevieve's Playhouse,20300000,11022391339.0,ýýýýýýýýýýýýýýý - Genevieve's Playhouse,107,17900.0,287100.0,215300.0,3400000.0
383,384,BabyBus - Cerita & Lagu Anak-anak,20300000,11819051552.0,BabyBus - Cerita & Lagu Anak-anak,875,28200.0,451100.0,338300.0,5400000.0
384,385,Ami Rodriguez,20200000,2951914200.0,Ami Rodriguez,460,66000.0,1100000.0,791600.0,12700000.0
385,386,Noor Stars,20200000,2764127969.0,Noor Stars,693,3900.0,62200.0,46700.0,746700.0
386,387,Family GamesTV,20200000,7066711323.0,FamilyGamesTV,0,0.0,0.0,0.0,0.0
387,388,Kiddiestv Hindi - Nursery Rhymes & Kids Songs,20200000,7274150246.0,Kiddiestv Hindi - Nursery Rhymes & Kids Songs,226,28400.0,453700.0,340300.0,5400000.0
388,389,dednahype,20200000,20919403720.0,dednahype,1935,311200.0,5000000.0,3700000.0,59800000.0
389,390,Marta and Rustam,20200000,19694265358.0,Marta and Rustam,761,113100.0,1800000.0,1400000.0,21700000.0
390,391,MiawAug,20200000,6098644584.0,MiawAug,3713,16100.0,258000.0,193500.0,3100000.0
391,392,CookieSwirlC,20100000,23353115850.0,CookieSwirlC,3774,55400.0,886800.0,665100.0,10600000.0
392,393,Skrillex,20100000,6618524158.0,Skrillex,241,6300.0,101100.0,75800.0,1200000.0
393,394,AuthenticGames,20100000,8920141342.0,AuthenticGames,4974,1400.0,21700.0,16300.0,260200.0
394,395,Robin Hood Gamer,20100000,10366850490.0,Homem Aranha player,0,0.0,0.0,0.0,0.0
395,396,Pencilmation,20100000,11317309935.0,Pencilmation,1481,3700.0,59400.0,44600.0,713400.0
396,397,7clouds,20100000,14816075927.0,7clouds,2384,69200.0,1100000.0,830300.0,13300000.0
397,398,5-Minute Crafts PLAY,20100000,6119294270.0,5-Minute Crafts PLAY,5491,26400.0,423100.0,317400.0,5100000.0
398,399,Marvel Entertainment,20100000,5634695322.0,MarvelEntertainment,1,0.02,0.25,0.19,3.0
399,400,BuzzFeedVideo,20100000,17913237851.0,BuzzFeedVideo,7737,2300.0,36400.0,27300.0,437400.0
400,401,REACT,20000000,13154314376.0,REACT,4339,5800.0,92800.0,69600.0,1100000.0
401,402,Vevo,20000000,559765455.0,Vevo,1527,333.0,5300.0,4000.0,63900.0
402,403,Gordon Ramsay,20000000,3875172235.0,Gordon Ramsay,1527,9800.0,156900.0,117700.0,1900000.0
403,404,Pentatonix,20000000,6033295543.0,pentatonix,1,0.0,0.0,0.0,0.0
404,405,Green Gold TV - Official Channel,20000000,9715291883.0,Green Gold TV - Official Channel,1476,0.0,0.0,0.0,0.0
405,406,Gusttavo Lima Oficial,19900000,13917423958.0,Gusttavo Lima Oficial,416,53700.0,859200.0,644400.0,10300000.0
406,407,HaerteTest,19800000,3234880084.0,HaerteTest,1411,1400.0,22600.0,17000.0,271200.0
407,408,Crafty Panda,19800000,5759442450.0,Crafty Panda,760,1500.0,24500.0,18400.0,294600.0
408,409,SOMOY TV,19800000,12293479945.0,TIME NEWS,9930,4.0,65.0,49.0,779.0
409,410,JennaMarbles,19700000,1803249241.0,JennaMarbles,250,942.0,15100.0,11300.0,180900.0
410,411,Troom Troom Es,19700000,7452667615.0,Troom Troom Es,2912,7300.0,117500.0,88200.0,1400000.0
411,412,Official Pink Panther,19700000,10955619815.0,OfficialPinkPanther,1,0.0,0.0,0.0,0.0
412,413,Britain's Got Talent,19700000,11323617496.0,Britain's Got Talent,4225,13500.0,216800.0,162600.0,2600000.0
413,414,SCTV,19700000,9808676159.0,SCTV,267,0.08,1.0,1.0,16.0
414,415,AS Gaming,19600000,2851024430.0,ASGaming,17,0.01,0.09,0.07,1.0
415,416,Sony AATH,19600000,13930021471.0,Sony AATH,18661,68600.0,1100000.0,822600.0,13200000.0
416,417,tabii Urdu,19600000,8779729549.0,tabii Urdu,1306,27700.0,443200.0,332400.0,5300000.0
417,418,DaFuq!?Boom!,19600000,7906181776.0,DaFuq!?Boom!,214,576000.0,9200000.0,6900000.0,110600000.0
418,419,Clash of Clans,19600000,3961318438.0,Clash of Clans,674,5600.0,89200.0,66900.0,1100000.0
419,420,RKD Studios,19500000,5234251168.0,RKD Studios,847,0.0,0.0,0.0,0.0
420,421,DLS News,19400000,2255542592.0,DLS News,4750,8000.0,128400.0,96300.0,1500000.0
421,422,JukiLop,19400000,1577859332.0,JukiLop,85,595.0,9500.0,7100.0,114300.0
422,423,etvteluguindia,19400000,23038014291.0,etvteluguindia,125974,68200.0,1100000.0,818800.0,13100000.0
423,424,FIFA,19400000,5529131886.0,FIFA,10728,14700.0,235500.0,176600.0,2800000.0
424,425,Manoj  parihar,19300000,264228052.0,Manoj  parihar,335,9300.0,148700.0,111500.0,1800000.0
425,426,Vsauce,19300000,2897907132.0,Vsauce,462,17400.0,278500.0,208800.0,3300000.0
426,427,Unbox Therapy,19300000,4508184467.0,Unbox Therapy,2175,4200.0,66900.0,50200.0,802500.0
427,428,shane,19200000,4329121104.0,shane,570,683.0,10900.0,8200.0,131100.0
428,429,Sonotek,19200000,7590582024.0,Sonotek,8285,7200.0,114700.0,86000.0,1400000.0
429,430,Jimmy Kimmel Live,19100000,13124645973.0,Jimmy Kimmel Live,6526,4300.0,69000.0,51700.0,827600.0
430,431,TheOdd1sOut,19100000,4566120190.0,TheOdd1sOut,139,7700.0,123900.0,93000.0,1500000.0
431,432,Goldmines Great Indian Comedy,19100000,5194942269.0,Goldmines Great Indian Comedy,2948,16500.0,263700.0,197800.0,3200000.0
432,433,Lil Nas X,19100000,6339584661.0,Lil Nas X,37,11500.0,184800.0,138600.0,2200000.0
433,434,ýýýýýýýýýýýýýý ýýýý,19000000,4924054368.0,ýýýýýýýýýýýýýý ýýýý,60,5400.0,86300.0,64800.0,1000000.0
434,435,SUPER SLICK SLIME SAM,19000000,7229175322.0,SUPER SLICK SLIME SAM,903,30800.0,493400.0,370000.0,5900000.0
435,436,Wow Kidz Action,19000000,8281724393.0,Wow Kidz Action,1525,26400.0,422800.0,317100.0,5100000.0
436,437,Turma da Mï¿½ï¿½,19000000,13824277846.0,Turma da Mï¿½ï¿½,1154,19200.0,307600.0,230700.0,3700000.0
437,438,Calvin Harris,19000000,16014044618.0,Calvin Harris,79,25600.0,409600.0,307200.0,4900000.0
438,439,KBS WORLD TV,19000000,15126092508.0,KBS WORLD TV,64496,27000.0,432000.0,324000.0,5200000.0
439,440,HiMan,18900000,2855519150.0,HiMan,375,6100.0,98300.0,73700.0,1200000.0
440,441,Masha e o Urso,18900000,8301731337.0,Masha e o Urso,0,0.0,0.0,0.0,0.0
441,442,Little Angel Espaï¿½ï¿½ï¿½ï¿½ï¿½ï¿½ï¿½ï¿½ï¿½,18900000,9813245108.0,Little Angel Espaï¿½ï¿½ï¿½ï¿½ï¿½ï¿½ï¿½ï¿½ï¿½,719,35100.0,561600.0,421200.0,6700000.0
442,443,TED-Ed,18800000,3654621568.0,TED-Ed,2072,7500.0,119500.0,89600.0,1400000.0
443,444,Sidemen,18800000,5257834105.0,Sidemen,312,19500.0,312600.0,234500.0,3800000.0
444,445,Cardi B,18800000,7634430188.0,Cardi B,9,0.0,0.03,0.02,0.34
445,446,Busy Fun Ltd,18800000,7762077012.0,TG MAYANK YT,2,0.0,0.0,0.0,0.0
446,447,Farruko,18800000,9573641299.0,Farruko,217,24400.0,391000.0,293300.0,4700000.0
447,448,ýýýýýýýýýýýýýýýýýýýýýý,18800000,9594188708.0,ýýýýýýýýýýýýýýýýýýýýýý,530,17000.0,272000.0,204000.0,3300000.0
448,449,Triggered Insaan,18800000,3276891538.0,Triggered Insaan,304,27300.0,436100.0,327100.0,5200000.0
449,450,CKN,18700000,12295637162.0,cKn,16,0.03,0.41,0.31,5.0
450,451,Ali-A,18700000,6148303268.0,ali-a,2,0.0,0.0,0.0,0.05
451,452,Shemaroo Comedy,18600000,6047584292.0,Shemaroo Comedy,4487,25600.0,409700.0,307300.0,4900000.0
452,453,Smile Family Spanish,18600000,7008250496.0,Smile Family Spanish,457,10800.0,173600.0,130200.0,2100000.0
453,454,GRAMMY GOLD OFFICIAL,18600000,20196704276.0,GRAMMY GOLD OFFICIAL,6287,42100.0,674400.0,505800.0,8100000.0
454,455,ýýýýýýýý ýýýýýýýýýý ýýýýýýýýýý | Arab Games Network,18600000,8761255550.0,ýýýýýýýý ýýýýýýýýýý ýýýýýýýýýý | Arab Games ýýý,6289,10800.0,172000.0,129000.0,2100000.0
455,456,Dan-Sa / Daniel Saboya,18500000,2908120896.0,Dan-Sa / Daniel Saboya,1329,0.0,0.0,0.0,0.0
456,457,Marmok,18500000,3457618361.0,Marmok,374,9600.0,153100.0,114800.0,1800000.0
457,458,The ACE Family,18500000,4558380251.0,The ACE Family,712,709.0,11300.0,8500.0,136100.0
458,459,Like Nastya Vlog,18500000,8147575884.0,Like Nastya Vlog,493,12200.0,195800.0,146800.0,2300000.0
459,460,Willie Salim,18500000,4051072188.0,Willie Salim,679,49300.0,789500.0,592100.0,9500000.0
460,461,PDK Films,18400000,4120324310.0,PDK Films,111,3600.0,57700.0,43300.0,692600.0
461,462,TheWillyrex,18400000,7038827526.0,TheWillyrex,6943,2800.0,44000.0,33000.0,528200.0
462,463,RsiamMusic : ï¿½ï¿½ï¿½ï¿½ï¿½ï¿½ï¿½ï¿½,18400000,11544297793.0,RsiamMusic : ï¿½ï¿½ï¿½ï¿½ï¿½ï¿½ï¿½ï¿½,3159,13500.0,216500.0,162400.0,2600000.0
463,464,Dhar Mann,18400000,11280732382.0,Alejandro Basalo,0,0.0,0.0,0.0,0.0
464,465,shakiraVEVO,18400000,25367126292.0,shakiraVEVO,197,66800.0,1100000.0,801400.0,12800000.0
465,466,Naisa Alifia Yuriza (N.A.Y),18300000,1606834186.0,Naisa Alifia Yuriza (N.A.Y),786,4300.0,68300.0,51200.0,819000.0
466,467,Miley Cyrus,18300000,7760819588.0,Miley Cyrus,142,32000.0,511900.0,383900.0,6100000.0
467,468,IShowSpeed,18300000,1556003039.0,IShowSpeed,1324,35100.0,561000.0,420800.0,6700000.0
468,469,Good Mythical Morning,18300000,8798044678.0,Goodmythicalmorning,0,0.0,0.0,0.0,0.0
469,470,Bobby chourasiya,18200000,9937823152.0,Bobby chourasiya,442,117000.0,1900000.0,1400000.0,22500000.0
470,471,INCRï¿½ï¿,18200000,3213324455.0,INCRï¿½ï¿,6903,4500.0,72200.0,54100.0,866200.0
471,472,Jake Fellman,18100000,13378360425.0,Jake Fellman,420,124300.0,2000000.0,1500000.0,23900000.0
472,473,GEN HALILINTAR,18100000,3306242674.0,GEN HALILINTAR,1037,6800.0,109200.0,81900.0,1300000.0
473,474,SQUEEZIE,18100000,9983065083.0,SQUEEZIE,1521,12000.0,192400.0,144300.0,2300000.0
474,475,Blippi - Educational Videos for Kids,18100000,14857290259.0,Blippi - Educational Videos for Kids,707,45100.0,721600.0,541200.0,8700000.0
475,476,officialpsy,18100000,10703830496.0,officialpsy,131,16200.0,260000.0,195000.0,3100000.0
476,477,Ajay Sharma,18100000,12249828886.0,Ajay Sharma,0,0.0,0.0,0.0,0.0
477,478,Manual do Mundo,18000000,3980991248.0,Manual do Mundo,2470,13700.0,219100.0,164300.0,2600000.0
478,479,How Ridiculous,18000000,9601137077.0,How Ridiculous,650,97800.0,1600000.0,1200000.0,18800000.0
479,480,And TV,18000000,15412333005.0,ANDtv,45,0.0,0.02,0.01,0.19
480,481,Sebastiï¿½ï¿½ï¿½,18000000,10463166404.0,Sebastiï¿½ï¿½ï¿½,237,27700.0,443100.0,332300.0,5300000.0
481,482,SonyMusicSouthVEVO,18000000,17921124985.0,SonyMusicSouthVEVO,5692,64400.0,1000000.0,772800.0,12400000.0
482,483,TheGrefg,18000000,6404852037.0,TheGrefg,3566,11000.0,175300.0,131500.0,2100000.0
483,484,BeatboxJCOP,18000000,8716982055.0,BeatboxJCOP,748,343800.0,5500000.0,4100000.0,66000000.0
484,485,David Dobrik,17900000,7176572299.0,David Dobrik,536,2200.0,34600.0,26000.0,415200.0
485,486,KatieAngel,17900000,3841205465.0,KatieAngel,982,12900.0,206700.0,155100.0,2500000.0
486,487,RobleisIUTU,17900000,5168721499.0,RobleisIUTU,1344,6900.0,110200.0,82600.0,1300000.0
487,488,Lele Pons,17900000,5244917119.0,Lele Pons,185,4600.0,74200.0,55600.0,890300.0
488,489,Demi Lovato,17900000,6888074944.0,Demi Lovato,314,7300.0,116700.0,87500.0,1400000.0
489,490,Like Nastya VNM,17900000,9867515979.0,Like Nastya VNM,602,21100.0,337900.0,253400.0,4100000.0
490,491,Jason Derulo,17900000,9887116267.0,Jason Derulo,830,112000.0,1800000.0,1300000.0,21500000.0
491,492,MGC Playhouse,17900000,16174530046.0,MGC Playhouse,1426,25700.0,410500.0,307900.0,4900000.0
492,493,Zuni and Family,17900000,6746269458.0,zuni and family,2,0.0,0.02,0.01,0.19
493,494,Priyal Kukreja,17800000,11057945183.0,Priyal Kukreja,772,107800.0,1700000.0,1300000.0,20700000.0
494,495,MSA previously My Story Animated,17800000,8588704539.0,MSA Previously My Story Animated,26,5.0,83.0,62.0,994.0
495,496,ýýýýýýýýý KIMPRO,17700000,19206701832.0,ýýýýýýýýý KIMPRO,1646,850900.0,13600000.0,10200000.0,163400000.0
496,497,Jane ASMR ï¿½ï¿½,17700000,7387621644.0,Jane ASMR ï¿½ï¿½,1888,0.0,0.0,0.0,0.0
497,498,ArianaGrandeVevo,17700000,20115544708.0,ArianaGrandeVevo,178,24400.0,389700.0,292300.0,4700000.0
498,499,jaanvi patel,17700000,7912733203.0,jaanvi patel,512,86700.0,1400000.0,1000000.0,16600000.0
499,500,tanboy kun,17700000,3647267655.0,tanboy kun,739,12000.0,192700.0,144500.0,2300000.0
500,501,Lil Pump,17700000,4196061192.0,Lil Pump,60,0.0,0.0,0.0,0.0
501,502,Porta dos Fundos,17700000,7739048000.0,Porta dos Fundos,2240,8800.0,141300.0,106000.0,1700000.0
502,503,News 24,17700000,8396875537.0,24 ï¿½ï¿½ï¿½ï,211620,92700.0,1500000.0,1100000.0,17800000.0
503,504,Les' Copaque Production,17700000,9059696049.0,Les' Copaque Production,1716,29400.0,470900.0,353200.0,5700000.0
504,505,El Payaso Plim Plim,17700000,17247584185.0,El Payaso Plim Plim,1316,160000.0,2600000.0,1900000.0,30700000.0
505,506,zbing z.,17600000,9269174070.0,zbing z.,3151,13800.0,220500.0,165400.0,2600000.0
506,507,MissaSinfonia,17600000,2274007523.0,MissaSinfonia,233,6900.0,109800.0,82300.0,1300000.0
507,508,ýýýýýýýýý Liziqi,17600000,2977741577.0,ýýýýýýýýý Liziqi,128,5600.0,89400.0,67100.0,1100000.0
508,509,The Game Theorists,17600000,3752347262.0,TheGameTheorists,0,0.0,0.0,0.0,0.0
509,510,DeGoBooM,17600000,6306204566.0,DeGoBooM,4702,25100.0,400900.0,300600.0,4800000.0
510,511,JFlaMusic,17600000,3802280098.0,JFlaMusic,326,2800.0,44400.0,33300.0,532700.0
511,512,FactTechz,17500000,2238134438.0,FactTechz,709,5300.0,84200.0,63200.0,1000000.0
512,513,News18 India,17500000,7263619576.0,News18 India,182742,98500.0,1600000.0,1200000.0,18900000.0
513,514,Fun For Kids TV - Hindi Rhymes,17500000,7612385622.0,Fun For Kids TV - Hindi Rhymes,149,27500.0,439400.0,329500.0,5300000.0
514,515,IGN,17500000,16107116549.0,IGN,156215,24600.0,393400.0,295000.0,4700000.0
515,516,Aphmau,17400000,17763586483.0,Aphmau,4411,110000.0,1800000.0,1300000.0,21100000.0
516,517,AMARINTV : ï¿½ï¿½ï¿½ï¿½ï¿½ï¿½ï¿½ï¿½ï¿½ï¿½ï¿½ï¿½,17400000,13043561912.0,AMARINTV : ï¿½ï¿½ï¿½ï¿½ï¿½ï¿½ï¿½ï¿½ï¿½ï¿½ï¿½ï¿½,118448,59000.0,944000.0,708000.0,11300000.0
517,518,ýýýýýýýýýýýýýýýý - Al-Remas,17400000,11144195464.0,ýýýýýýýýýýýýýýýý - Al-Remas,2133,28300.0,452000.0,339000.0,5400000.0
518,519,Koray Zeynep,17400000,16560557488.0,Koray Zeynep,2078,106600.0,1700000.0,1300000.0,20500000.0
519,520,Apple,17300000,1026425106.0,Apple,180,11600.0,185900.0,139500.0,2200000.0
520,521,Stubborn Facts,17300000,902225615.0,Stubborn Facts,287,209.0,3400.0,2500.0,40200.0
521,522,Taarak Mehta Ka Ooltah Chashmah,17300000,11371738047.0,Taarak Mehta Ka Ooltah Chashmah,4778,83000.0,1300000.0,995800.0,15900000.0
522,523,HowToBasic,17300000,3684816159.0,HowToBasic,582,3900.0,62100.0,46600.0,745200.0
523,524,PopularMMOs,17200000,14573155899.0,PopularMMOs,4685,3800.0,61200.0,45900.0,734200.0
524,525,Marques Brownlee,17200000,3606912471.0,Marques Brownlee,1567,13100.0,209300.0,157000.0,2500000.0
525,526,Anitta,17200000,7337212581.0,Anitta,138,18200.0,290700.0,218100.0,3500000.0
526,527,Jason Vlogs,17200000,8903647480.0,Jason Oo,83,0.01,0.1,0.08,1.0
527,528,El Reino a Jugar,17200000,11445492404.0,El Reino a Jugar,1007,20900.0,334800.0,251100.0,4000000.0
528,529,Willyrex,17200000,5024088947.0,Willyrex,7550,3900.0,61600.0,46200.0,739500.0
529,530,TheBrianMaps,17100000,4448334716.0,TheBrianMaps,498,9300.0,148700.0,111500.0,1800000.0
530,531,TRANS TV Official,17100000,9710962528.0,TRANS TV Official,148225,11500.0,183200.0,137400.0,2200000.0
531,532,Liza Koshy,17100000,2173106162.0,Liza Koshy,142,440.0,7000.0,5300.0,84500.0
532,533,Queen Official,17000000,10847948832.0,Queen Official,1015,23400.0,375100.0,281300.0,4500000.0
533,534,Prajapati News,17000000,1001465469.0,Prajapati News,1407,1900.0,30500.0,22900.0,366100.0
534,535,Gaby and Alex,17000000,8229883114.0,gabyandalex,1,0.0,0.0,0.0,0.0
535,536,LuisFonsiVEVO,17000000,14543594822.0,LuisFonsiVEVO,97,12500.0,199300.0,149500.0,2400000.0
536,537,Pop Chartbusters,16900000,8684010451.0,Pop Chartbusters,2235,18200.0,291600.0,218700.0,3500000.0
537,538,Guava Juice,16900000,9111000228.0,Guava Juice,1910,2700.0,43600.0,32700.0,522600.0
538,539,EeOneGuy,16900000,3827906874.0,EeOneGuy,366,409.0,6500.0,4900.0,78500.0
539,540,VICE,16900000,4609753237.0,VICE,3900,9100.0,145400.0,109100.0,1700000.0
540,541,Aayu and Pihu Show,16900000,9270331567.0,Aayu and Pihu Show,441,22400.0,359100.0,269300.0,4300000.0
541,542,Danny Fitt,16900000,9544277833.0,Danny Fitt,2337,68800.0,1100000.0,825800.0,13200000.0
542,543,Bispo Bruno Leonardo,16900000,3523578665.0,Bispo Bruno Leonardo,4891,37400.0,598200.0,448600.0,7200000.0
543,544,DeToxoMoroxo,16800000,2315962318.0,de toxomoroxo,1,0.0,0.0,0.0,0.0
544,545,Doggy Doggy Cartoons,16800000,6518418501.0,Doggy Doggy Cartoons,0,0.0,0.0,0.0,0.0
545,546,deepesh zo,16800000,7206462713.0,deepesh zo,41,0.0,0.0,0.0,0.05
546,547,Like Nastya IDN,16800000,7195314800.0,Like Nastya IDN,502,10700.0,171300.0,128500.0,2100000.0
547,548,Gato Galactico | GALï¿½ï¿,16800000,3693798804.0,Gato Galactico | GALï¿½ï¿,1491,11000.0,176500.0,132400.0,2100000.0
548,549,Salman Noman,16700000,10393037902.0,salman Noman,3,0.0,0.03,0.02,0.34
549,550,CoryxKenshin,16700000,7102965621.0,CoryxKenshin,1693,26300.0,420500.0,315300.0,5000000.0
550,551,With Kids[ï¿½ï¿½ï¿½ï¿½ï,16700000,8826138204.0,With Kids[ï¿½ï¿½ï¿½ï¿½ï,920,11400.0,182800.0,137100.0,2200000.0
551,552,Travis Scott,16700000,7979736581.0,Travis Scott,13,9.0,150.0,113.0,1800.0
552,553,Tu COSMOPOLIS,16700000,5089284369.0,Tu COSMOPOLIS,8741,4000.0,64600.0,48400.0,774700.0
553,554,Ivana Alawi,16600000,1318442641.0,Ivana Alawi,180,3800.0,60300.0,45200.0,723800.0
554,555,Werever2morro,16600000,2798273962.0,werever2morro,0,0.0,0.0,0.0,0.0
555,556,IDEAS EN 5 MINUTOS,16600000,3696973456.0,Ideas En 5 Minutos,216,16.0,262.0,196.0,3100.0
556,557,NMF News,16600000,7435180827.0,NMF News,112261,14800.0,236800.0,177600.0,2800000.0
557,558,SriBalajiMovies,16600000,9439857193.0,SriBalajiMovies,20102,38500.0,616200.0,462100.0,7400000.0
558,559,Lahari Music - TSeries,16600000,11946217860.0,Lahari Music - TSeries,8976,22300.0,356000.0,267000.0,4300000.0
559,560,Younes Zarou,16600000,15278668857.0,Younes Zarou,2200,154300.0,2500000.0,1900000.0,29600000.0
560,561,Jordan Matter,16600000,5819508534.0,Jordan Matter,413,49800.0,796100.0,597100.0,9600000.0
561,562,ýýýýýýýý ýýýýýýýýýýýýýýýýýýýýýý,16500000,2440934034.0,ýýýýýýýý ýýýýýýýýýýýýýýýýýýýýýý,421,5500.0,87800.0,65900.0,1100000.0
562,563,FailArmy,16500000,3037260680.0,FailArmy,438,28200.0,451900.0,339000.0,5400000.0
563,564,BBC News Hindi,16500000,7043235131.0,BBC News Hindi,21243,32800.0,524800.0,393600.0,6300000.0
564,565,FunFun Toy Doll TV,16500000,7406207930.0,FunFun Toy Doll TV,735,6100.0,97500.0,73100.0,1200000.0
565,566,Sandra Cires Art,16400000,3955426159.0,Sandra Cires Art,1091,4500.0,72100.0,54100.0,865300.0
566,567,Kaykai Salaider,16400000,4434679706.0,Kaykai Salaider,428,2300.0,37400.0,28000.0,448400.0
567,568,UFC - Ultimate Fighting Championship,16400000,7135820721.0,UFC - Ultimate Fighting Championship,14662,33300.0,532800.0,399600.0,6400000.0
568,569,Ch7HD,16400000,9463244435.0,Ch7HD,56203,21900.0,351000.0,263300.0,4200000.0
569,570,RCTI - LAYAR DRAMA INDONESIA,16400000,13478392540.0,RCTI - LAYAR DRAMA INDONESIA,1,0.0,0.0,0.0,0.0
570,571,Alfredo Larin,16400000,14431830557.0,Alfredo Larin,1,0.0,0.0,0.0,0.05
571,572,GMMTV OFFICIALï¿½ï¿½,16400000,12844432341.0,GMMTV OFFICIALï¿½ï¿½,23952,45300.0,725500.0,544100.0,8700000.0
572,573,Matt Stonie,16300000,3527627264.0,MattStonie,54,7.0,119.0,89.0,1400.0
573,574,Boyce Avenue,16300000,6578828147.0,Boyce Avenue,490,7200.0,115100.0,86400.0,1400000.0
574,575,Camila Cabello,16300000,6613422635.0,Camila Cabello,80,10700.0,170800.0,128100.0,2000000.0
575,576,Little Mix,16300000,7520242626.0,Little Mix,278,9700.0,154400.0,115800.0,1900000.0
576,577,SAM SMITH,16300000,10170264839.0,SAM SMITH,230,21400.0,343100.0,257300.0,4100000.0
577,578,Pitbull,16300000,12475714382.0,Pitbull,352,22000.0,352000.0,264000.0,4200000.0
578,579,Bollywood Classics,16300000,7141825267.0,Bollywood Classics,1444,37900.0,605900.0,454400.0,7300000.0
579,580,Technoblade,16300000,1656452554.0,Technoblade,989,4500.0,71800.0,53800.0,861300.0
580,581,W2S,16300000,4768370464.0,W2S,652,770.0,12300.0,9200.0,147800.0
581,582,Jennifer Lopez,16200000,10227242833.0,Jennifer Lopez,258,15900.0,253800.0,190300.0,3000000.0
582,583,Kids Play,16200000,8091706232.0,Kids Play,593,6500.0,103600.0,77700.0,1200000.0
583,584,T3ddy,16200000,2990185467.0,T3ddy,1930,8300.0,132100.0,99000.0,1600000.0
584,585,JJ Olatunji,16200000,4076692623.0,JJ Olatunji,1294,7000.0,111200.0,83400.0,1300000.0
585,586,POPS Kids,16200000,9763592867.0,POPS Kids,3943,64200.0,1000000.0,770200.0,12300000.0
586,587,Thairath Online,16200000,14563841315.0,Thairath Online,244899,56200.0,899000.0,674300.0,10800000.0
587,588,LEGO,16200000,20522339099.0,LEGO,31889,29300.0,468800.0,351600.0,5600000.0
588,589,XO TEAM,16200000,14784781923.0,XO TEAM Family,189,9.0,152.0,114.0,1800.0
589,590,AdMe,16200000,4488680903.0,Aday Cï¿½ï¿½ï¿½ï¿½ï,10,0.0,0.02,0.01,0.19
590,591,ExtraPolinesios,16200000,4813127504.0,Extra polinesios,2,0.13,2.0,2.0,24.0
591,592,Dyland PROS,16100000,1517638132.0,Dyland PROS,2805,2400.0,38500.0,28900.0,461700.0
592,593,Live,16100000,0.0,Live,0,0.0,0.0,0.0,0.0
593,594,Vlad and Niki ARA,16100000,7399296005.0,Vlad and Niki ARA,510,8000.0,128000.0,96000.0,1500000.0
594,595,Canal IN,16100000,2687443643.0,Canal IN,723,3500.0,55200.0,41400.0,662500.0
595,596,TWICE,16100000,5055576881.0,TWICE,1123,24700.0,394900.0,296200.0,4700000.0
596,597,Daily Dose Of Internet,16100000,6872702790.0,Daily Dose Of Internet,671,100000.0,1600000.0,1200000.0,19200000.0
597,598,FitDance,16100000,7126210721.0,Fitdance Academy,41,0.2,3.0,2.0,37.0
598,599,Panda Shorts,16100000,7155736006.0,Panda Shorts,667,119600.0,1900000.0,1400000.0,23000000.0
599,600,Disney Junior,16100000,15812009296.0,Disney Junior,4045,66800.0,1100000.0,801400.0,12800000.0
600,601,La Rosa de Guadalupe,16100000,9642146451.0,larosadeguadalupe,0,0.0,0.0,0.0,0.0
601,602,sagar kalra (Shorts),16000000,6543629679.0,sagar kalra (Shorts),453,18500.0,296200.0,222200.0,3600000.0
602,603,wifistudy,16000000,3018032423.0,wifistudy by Unacademy,52144,3600.0,57100.0,42900.0,685800.0
603,604,Antrax,16000000,3029872908.0,Antrax,687,1200.0,18800.0,14100.0,225500.0
604,605,Enes Batur,16000000,9786595271.0,enesbatur,0,0.0,0.0,0.0,0.0
605,606,Totoy kids - Espaï¿½ï,16000000,5997599089.0,Totoy kids - Espaï¿½ï,344,28100.0,449600.0,337200.0,5400000.0
606,607,ýýýýýýýýýý,15900000,1845329502.0,Kung Fu Padla,0,0.0,0.0,0.0,0.0
607,608,DopeLyrics,15900000,9962188084.0,DopeLyrics,2035,2500.0,39700.0,29700.0,475900.0
608,609,jeffreestar,15900000,2609358468.0,jeffreestar,433,502.0,8000.0,6000.0,96300.0
609,610,Lyna,15900000,6534326412.0,Lyna,4906,16000.0,256300.0,192300.0,3100000.0
610,611,MK MUSIC,15900000,9198986881.0,MK MUSIC,5105,34100.0,545600.0,409200.0,6500000.0
611,612,Unspeakable,15900000,9052367553.0,Unspeakable,796,41200.0,659600.0,494700.0,7900000.0
612,613,Camilo,15900000,6802382479.0,Camilo,132,15000.0,239600.0,179700.0,2900000.0
613,614,Dear Sir,15800000,1349288771.0,Dear Sir,633,6000.0,96200.0,72200.0,1200000.0
614,615,Narendra Modi,15800000,3392918989.0,Narendra Modi,20679,46500.0,743900.0,557900.0,8900000.0
615,616,Arif muhammad,15800000,4122634467.0,Arif muhammad,542,18000.0,287500.0,215600.0,3400000.0
616,617,Rotten Tomatoes Trailers,15800000,13116313599.0,Rotten Tomatoes Trailers,10441,6400.0,103000.0,77200.0,1200000.0
617,618,Volga Video,15700000,9787697838.0,Volga Video,16874,12800.0,205300.0,153900.0,2500000.0
618,619,DM - Desi Melodies,15700000,5914071870.0,DM - Desi Melodies,79,35500.0,567400.0,425500.0,6800000.0
619,620,MY FAMILY,15700000,6153495609.0,My Family,150,235.0,3800.0,2800.0,45100.0
620,621,Team Films Bhojpuri,15700000,6626563508.0,Team Films Bhojpuri,19703,7700.0,123000.0,92200.0,1500000.0
621,622,Zee Music Classic,15700000,5558051295.0,Zee Music Classic,1640,21600.0,345800.0,259300.0,4100000.0
622,623,Prime Video India,15700000,8696631898.0,Prime Video India,7090,83800.0,1300000.0,1000000.0,16100000.0
623,624,Caeli YT,15600000,1511794214.0,Caeli YT,483,0.0,0.0,0.0,0.0
624,625,Kuplinov ï¿½ï¿½ï¿,15600000,6862529416.0,Kuplinov ï¿½ï¿½ï¿,6623,24700.0,394600.0,296000.0,4700000.0
625,626,Linus Tech Tips,15600000,7172386509.0,Linus Tech Tips,6542,22100.0,352900.0,264700.0,4200000.0
626,627,Juliana Baltar,15600000,3869457097.0,Juliana Baltar,2019,14100.0,224900.0,168700.0,2700000.0
627,628,5-Minute Crafts FAMILY,15600000,6165757696.0,5-Minute Crafts FAMILY,4245,6800.0,109500.0,82100.0,1300000.0
628,629,Blippi Espaï¿½ï,15500000,8984089026.0,Blippi Espaï¿½ï,598,22500.0,360000.0,270000.0,4300000.0
629,630,Super Senya,15500000,5070970714.0,Super Senya,0,0.0,0.0,0.0,0.0
630,631,Katakit Baby TV,15500000,6386271870.0,Katakit Baby TV,220,22700.0,363700.0,272700.0,4400000.0
631,632,Infobells Bangla,15500000,7776706184.0,Infobells Bangla,359,42000.0,671600.0,503700.0,8100000.0
632,633,ýýýýýýýý ýý ýýýýýýýý,15500000,8265129639.0,ýýýýýýýý ýý ýýýýýýýý,1021,33800.0,540100.0,405100.0,6500000.0
633,634,Henrique e Juliano,15500000,14619523361.0,Henrique e Juliano,325,40900.0,654700.0,491000.0,7900000.0
634,635,Mr DegrEE,15500000,12880388253.0,MrDegree,0,0.0,0.0,0.0,0.0
635,636,Kashvi Adlakha,15500000,12714141740.0,Kashvi Adlakha,1525,34800.0,556500.0,417400.0,6700000.0
636,637,Talking Tom & Friends,15500000,6396049701.0,Talking Tom & Friends,417,6800.0,109500.0,82100.0,1300000.0
637,638,ýýýýýýýý ýýýýýýýýýýýýýý ýýýý 5 ýýýýýýýýýý,15500000,4499826716.0,ýýýýýýýý ýýýýýýýýýýýýýý ýýýý 5 ýýýýýýýýýý,5183,8200.0,131700.0,98700.0,1600000.0
638,639,Harsh Beniwal,15400000,1781226000.0,Harsh Beniwal,165,7000.0,111900.0,83900.0,1300000.0
639,640,FFUNTV,15400000,11513738907.0,FFUNTV,379,20000.0,320700.0,240500.0,3800000.0
640,641,Mobile Legends: Bang Bang,15400000,1543608082.0,Mobile Legends: Bang Bang,1647,13800.0,221500.0,166100.0,2700000.0
641,642,Roman Atwood Vlogs,15400000,5469103954.0,Roman Atwood Vlogs,1756,396.0,6300.0,4700.0,76000.0
642,643,Mrwhosetheboss,15400000,3736069980.0,Mrwhosetheboss,1577,41900.0,670800.0,503100.0,8000000.0
643,644,Genierock,15400000,14564170905.0,Genierock,1725,20700.0,331200.0,248400.0,4000000.0
644,645,zayn,15400000,4909687948.0,zayn,21,9200.0,147200.0,110400.0,1800000.0
645,646,Kerajinan 5-Menit,15400000,4750420071.0,Kerajinan 5-Menit,4186,4900.0,79000.0,59200.0,947500.0
646,647,FC Barcelona,15300000,2656528205.0,FC Barcelona,10988,21200.0,339500.0,254600.0,4100000.0
647,648,Dave and Ava - Nursery Rhymes and Baby Songs,15300000,10714145606.0,Dave and Ava - Nursery Rhymes and Baby Songs,851,19300.0,308200.0,231200.0,3700000.0
648,649,LOKESH GAMER,15300000,1640078055.0,LOKESH GAMER,1397,1500.0,23700.0,17800.0,284200.0
649,650,ILYA BORZOV,15300000,9938811455.0,ILYA BORZOV,2175,118900.0,1900000.0,1400000.0,22800000.0
650,651,Mazhavil Manorama,15300000,16545966132.0,Mazhavil Manorama,87864,90400.0,1400000.0,1100000.0,17400000.0
651,652,Pokï¿½ï¿½ï¿½ï¿½ï¿½ï¿½ï¿½ï¿½ï¿½,15200000,857725714.0,Pokï¿½ï¿½ï¿½ï¿½ï¿½ï¿½ï¿½ï¿½ï¿½,194,16300.0,261500.0,196100.0,3100000.0
652,653,The MriDul,15200000,4503880875.0,The MriDul,106,24600.0,393300.0,295000.0,4700000.0
653,654,Niana Guerrero,15200000,1491452935.0,Niana Guerrero,443,2500.0,39900.0,29900.0,479000.0
654,655,SRK MUSIC,15200000,6391679636.0,SRK MUSIC,5056,14500.0,231200.0,173400.0,2800000.0
655,656,Sony LIV,15200000,7151683497.0,Sony LIV,11099,52700.0,843600.0,632700.0,10100000.0
656,657,T-Series Hamaar Bhojpuri,15200000,7564652648.0,T-Series Hamaar Bhojpuri,9862,26500.0,423900.0,317900.0,5100000.0
657,658,Oyuncak Avï¿,15200000,8333387785.0,Oyuncak Avï¿,654,1100.0,17700.0,13300.0,212500.0
658,659,CNN,15200000,14198154095.0,CNN,160405,46800.0,748000.0,561000.0,9000000.0
659,660,NDTV India,15200000,6624168155.0,NDTV India,91704,12400.0,198600.0,149000.0,2400000.0
660,661,It's Mamix,15100000,1777072487.0,It's Mamix,210,4000.0,63900.0,48000.0,767200.0
661,662,Kim Loaiza,15100000,1576633086.0,Kim Loaiza,18,6500.0,104200.0,78200.0,1300000.0
662,663,Daftar Populer,15100000,2143140898.0,Daftar Populer,3810,4300.0,68900.0,51700.0,827100.0
663,664,Musas,15100000,2400037562.0,Jordi Sala,159,0.02,0.34,0.26,4.0
664,665,Ranz Kyle,15100000,1760131384.0,Ranz Kyle,533,3100.0,49500.0,37100.0,594000.0
665,666,PowerfulJRE,15100000,3060202847.0,PowerfulJRE,1037,10900.0,173600.0,130200.0,2100000.0
666,667,Mariale,15100000,2761547758.0,Mariale,2618,3000.0,47800.0,35900.0,573900.0
667,668,Makiman131,15100000,4236036141.0,Makiman131,2997,1500.0,23900.0,17900.0,286600.0
668,669,Hongyu ASMR ï¿½ï¿½,15100000,4967784343.0,Hongyu ASMR ï¿½ï¿½ï,1,0.0,0.0,0.0,0.0
669,670,Mohamed Ramadan I ï¿½ï¿½ï¿½ï¿½ï¿½ï¿½ï,15100000,5324913850.0,Mohamed Ramadan I ï¿½ï¿½ï¿½ï¿½ï¿½ï¿½ï,753,11500.0,184200.0,138200.0,2200000.0
670,671,EdisonPts,15100000,6668507856.0,EdisonPts,3733,23900.0,382400.0,286800.0,4600000.0
671,672,BIGBANG,15100000,7857371770.0,BIGBANG,776,10200.0,163200.0,122400.0,2000000.0
672,673,Rubï¿½ï¿½ï¿½ï¿½ï¿½ï¿½,15100000,9477021288.0,Rubï¿½ï¿½ï¿½ï¿½ï¿½ï¿½,921,128100.0,2000000.0,1500000.0,24600000.0
673,674,ABS-CBN News,15100000,10489367372.0,ABS-CBN News,209520,45400.0,726600.0,544900.0,8700000.0
674,675,Chapitosiki,15100000,13897932103.0,Chapitosiki,2717,178400.0,2900000.0,2100000.0,34200000.0
675,676,AdeleVEVO,15100000,12413869881.0,AdeleVEVO,52,21200.0,339000.0,254300.0,4100000.0
676,677,MoreAliA,15000000,4352427049.0,MoreAliA,2324,62700.0,1000000.0,753000.0,12000000.0
677,678,Chetan Monga Vlogs,15000000,9924103188.0,Chetan Monga Vlogs,899,28400.0,454300.0,340700.0,5500000.0
678,679,Little Angel - Mï¿½ï¿½ï¿½ï¿½ï¿½ï¿½ï¿½ï¿½ï¿½ï¿½,15000000,8897705695.0,Little Angel - Mï¿½ï¿½ï¿½ï¿½ï¿½ï¿½ï¿½ï¿½ï¿½ï¿½ï¿½,795,36400.0,581900.0,436400.0,7000000.0
679,680,League of Legends,15000000,7159750970.0,League of Legends,1362,10800.0,172500.0,129400.0,2100000.0
680,681,TheRichest,15000000,2730879024.0,Therichest,0,0.0,0.0,0.0,0.0
681,682,XpressTV,15000000,4008801873.0,XpressTV,724,8500.0,135500.0,101600.0,1600000.0
682,683,PlayStation,15000000,4741434420.0,PlayStation,20292,10400.0,167200.0,125400.0,2000000.0
683,684,Kwebbelkop,15000000,6889304306.0,Kwebbelkop,5198,7400.0,118900.0,89200.0,1400000.0
684,685,Republic Bharat,15000000,7536093065.0,Gyani Beast,206,0.25,4.0,3.0,48.0
685,686,THE BROWN SIBLINGS,15000000,8658553456.0,THE BROWN SIBLINGS,965,25600.0,409400.0,307100.0,4900000.0
686,687,Sony Music South,15000000,9978734160.0,Sony Music South,2726,60500.0,968700.0,726600.0,11600000.0
687,688,BigSchool,15000000,9996133066.0,Big School,68,0.0,0.0,0.0,0.0
688,689,Ray William Johnson,15000000,10239836582.0,Ray William Johnson,1803,78200.0,1300000.0,938600.0,15000000.0
689,690,KOMPASTV,15000000,11827310821.0,KOMPASTV,269050,28300.0,452300.0,339200.0,5400000.0
690,691,ISSEI / ï¿½ï¿½ï¿½ï¿½,15000000,13562853889.0,ISSEI / ï¿½ï¿½ï¿½ï¿½,1788,70600.0,1100000.0,847100.0,13600000.0
691,692,Zï¿½ï¿½ï¿½ï¿½ï¿½ï¿½ï,15000000,11506702632.0,Zï¿½ï¿½ï¿½ï¿½ï¿½ï¿½ï,340,45700.0,731500.0,548600.0,8800000.0
692,693,A2 Motivation by Arvind Arora,15000000,8932038210.0,A2 Motivation by Arvind Arora,3168,32700.0,522900.0,392200.0,6300000.0
693,694,50 Cent,14900000,10069000444.0,50 Cent,419,30000.0,479200.0,359400.0,5800000.0
694,695,MNCTV OFFICIAL,14900000,8074260978.0,MNCTV OFFICIAL,66362,10900.0,174300.0,130700.0,2100000.0
695,696,ERB,14900000,4033400167.0,ERB,86,2800.0,44200.0,33100.0,530100.0
696,697,melanie martinez,14900000,4395184343.0,melanie martinez,127,14100.0,225400.0,169100.0,2700000.0
697,698,iTownGamePlay *Terror&Diversiï¿½ï,14900000,4977284539.0,iTownGamePlay *Terror&Diversiï¿½ï,8420,3500.0,55400.0,41600.0,665200.0
698,699,ýýýýýýýýýýýý8 : Thai Ch8,14900000,5549770244.0,ýýýýýýýýýýýý8 : Thai Ch8,27944,12400.0,198200.0,148700.0,2400000.0
699,700,ZutiGang,14900000,15913320995.0,ZutiGang,1363,86700.0,1400000.0,1000000.0,16600000.0
700,701,ýýýýýý,14900000,439098.0,ýýýýýý,1,2.0,31.0,23.0,369.0
701,702,TazerCraft,14900000,5956193599.0,TazerCraft,4175,9900.0,159100.0,119300.0,1900000.0
702,703,Bayashi TV,14900000,8615618825.0,ýýýýýýýýýýýýýýýýýýBAYASHITV,93,0.62,10.0,7.0,119.0
703,704,Fueled By Ramen,14800000,13356517783.0,Fueled By Ramen,1210,15300.0,244800.0,183600.0,2900000.0
704,705,CrashCourse,14800000,1833519700.0,CrashCourse,1481,1800.0,28700.0,21500.0,344500.0
705,706,MattyBRaps,14800000,3587576784.0,MattyBRaps,195,5700.0,91900.0,68900.0,1100000.0
706,707,Lachlan,14800000,5269059435.0,Lachlan,3834,5300.0,84300.0,63200.0,1000000.0
707,708,ýýýýýýýý ýýýýýýýý,14800000,7018015062.0,ýýýýýýýý ýýýýýýýý,2387,11800.0,188500.0,141400.0,2300000.0
708,709,Meghan Trainor,14800000,8649303688.0,Meghan Trainor,233,12900.0,206600.0,154900.0,2500000.0
709,710,Jorge & Mateus Oficial,14800000,9076642765.0,Jorge & Mateus Oficial,318,22000.0,352500.0,264400.0,4200000.0
710,711,Major Lazer Official,14800000,9383431376.0,MajorLazerOfficial,0,0.0,0.0,0.0,0.0
711,712,Beast Philanthropy,14800000,272678287.0,Beast Philanthropy,34,9.0,152.0,114.0,1800.0
712,713,Filaretiki,14800000,15788208522.0,Filaretiki,2222,300800.0,4800000.0,3600000.0,57800000.0
713,714,5-Minute Crafts Recycle,14800000,8866012877.0,5-Minute Crafts Recycle,3867,13300.0,212700.0,159500.0,2600000.0
714,715,ýýýýýýýýýý ýýýýýýýýýýýý,14700000,2230986039.0,ýýýýýýýýýý ýýýýýýýýýýýý,1385,673.0,10800.0,8100.0,129300.0
715,716,Maha Fun Tv,14700000,1321380490.0,Maha Fun Tv,85,1200.0,19100.0,14300.0,229500.0
716,717,Canal Nostalgia,14700000,1506796393.0,Canal Nostalgia TV,554,57.0,906.0,679.0,10900.0
717,718,The Slow Mo Guys,14700000,2465473772.0,The Slow Mo Guys,317,4700.0,75900.0,56900.0,911000.0
718,719,StudyIQ IAS,14700000,4029253667.0,StudyIQ IAS,43564,18600.0,297900.0,223400.0,3600000.0
719,720,Chad Wild Clay,14700000,6751985988.0,Chad Wild Clay,698,9100.0,145400.0,109000.0,1700000.0
720,721,CollegeHumor,14700000,7255848125.0,CollegeHumor,4340,0.0,0.0,0.0,0.0
721,722,Netflix Jr.,14700000,8882319696.0,Netflix Jr.,1996,19900.0,317600.0,238200.0,3800000.0
722,723,Colors Rishtey,14700000,12362331529.0,Colors Rishtey,23490,86900.0,1400000.0,1000000.0,16700000.0
723,724,ABC News,14700000,12961669452.0,ABC News,80830,46400.0,742800.0,557100.0,8900000.0
724,725,Camila Loures,14700000,4684983333.0,Camila Loures,3978,10200.0,163900.0,122900.0,2000000.0
725,726,Doc Tops,14600000,2613197447.0,Doc Tops,490,4100.0,65600.0,49200.0,787600.0
726,727,Auron,14600000,3337074920.0,Auron,961,15100.0,242300.0,181700.0,2900000.0
727,728,Jesser,14600000,3603556207.0,Jesser,1244,23100.0,370400.0,277800.0,4400000.0
728,729,Planeta das Gï¿½ï¿½,14600000,4622581344.0,Planeta das Gï¿½ï¿½,951,2600.0,42200.0,31600.0,506300.0
729,730,PrestonPlayz,14600000,5766647017.0,Preston,4009,37900.0,606800.0,455100.0,7300000.0
730,731,Martin Garrix,14600000,6017932195.0,Martin Garrix,365,8900.0,142100.0,106600.0,1700000.0
731,732,O Reino Infantil,14600000,11182302317.0,O Reino Infantil,1206,27500.0,439500.0,329600.0,5300000.0
732,733,Fifth Harmony,14600000,7952268926.0,Fifth Harmony,67,9400.0,150500.0,112900.0,1800000.0
733,734,Mis Pastelitos,14600000,2750902766.0,Mis Pastelitos,603,12700.0,202700.0,152000.0,2400000.0
734,735,Noman Official,14600000,5525773746.0,Noman Official,560,34800.0,556500.0,417300.0,6700000.0
735,736,LEGENDA FUNK,14500000,2440718089.0,LegendaFUNK,0,0.0,0.0,0.0,0.0
736,737,Like Nastya Stories,14500000,6944967581.0,Like Nastya Stories,479,7500.0,119800.0,89800.0,1400000.0
737,738,les boys tv2,14500000,4577292740.0,les boys tv2,453,112.0,1800.0,1300.0,21600.0
738,739,Lotus Music,14500000,1739129375.0,Lotus Music,514,5800.0,92100.0,69100.0,1100000.0
739,740,IDEIAS INCRï¿½ï¿½,14500000,3551889957.0,IDEIAS INCRï¿½ï¿½,5430,709.0,11400.0,8500.0,136200.0
740,741,Reaction Time,14500000,4260187928.0,Reaction Time,1717,2500.0,39600.0,29700.0,475700.0
741,742,BBC News,14500000,4598387043.0,BBC News,18972,16600.0,265100.0,198800.0,3200000.0
742,743,Eli Kids - Cartoons & Songs,14500000,4821183481.0,Eli Kids - Cartoons & Songs,605,37300.0,597000.0,447700.0,7200000.0
743,744,Boram Tube ToysReview [ï¿½ï¿½ï¿½ï¿½ï¿½ï¿½ï¿½ï¿½ï¿,14500000,5014888374.0,Boram Tube ToysReview [ï¿½ï¿½ï¿½ï¿½ï¿½ï¿½ï¿½ï¿½ï,618,1200.0,19800.0,14900.0,238100.0
744,745,Aadishakti Films,14500000,6290721701.0,Aadishakti Films,4790,12100.0,193800.0,145300.0,2300000.0
745,746,Telemundo,14500000,8582696157.0,Telemundo,19201,12100.0,193100.0,144900.0,2300000.0
746,747,GMM25Thailand,14500000,9383692066.0,GMM25Thailand,68606,11400.0,182500.0,136900.0,2200000.0
747,748,TV9 Bharatvarsh,14500000,10303519926.0,TV9 Bharatvarsh,293516,104600.0,1700000.0,1300000.0,20100000.0
748,749,Maroon5VEVO,14500000,20042571499.0,Maroon5VEVO,147,24500.0,392700.0,294600.0,4700000.0
749,750,Saad Lamjarred | ï¿½ï¿½ï¿½ï¿½ï¿½ï¿,14500000,4315486422.0,Saad Lamjarred | ï¿½ï¿½ï¿½ï¿½ï¿½ï¿,176,9400.0,150300.0,112700.0,1800000.0
750,751,Hear This Music,14500000,9201428420.0,Hear This Music,39,12000.0,192800.0,144600.0,2300000.0
751,752,Lilly Singh,14500000,3517662420.0,Lilly Singh,1064,1300.0,21300.0,16000.0,255800.0
752,753,ýýýýýýýýýýýýýýýýýýýýý,14400000,600154268.0,ýýýýýýýýýýýýýýýýýýýýý,364,342.0,5500.0,4100.0,65700.0
753,754,Gyan Gamingï¿½,14400000,2224121890.0,Gyan Gamingï¿½,3086,3500.0,55600.0,41700.0,666800.0
754,755,Drawblogs,14400000,1629801448.0,Drawblogs,399,251.0,4000.0,3000.0,48100.0
755,756,NOBRU,14400000,351763324.0,nobru,2,0.0,0.01,0.01,0.1
756,757,ýýýýýýýýýýýý ýýýýýýýýýýýý I ýýýýýý ýý ýýýýýýýýýý,14400000,2972474215.0,ýýýýýýýýýýýý ýýýýýýýýýýýý I ýýýýýý ýý ýýýýýýýýý,381,1200.0,18700.0,14000.0,224300.0
757,758,Cyprien,14400000,3086254545.0,Cyprien,222,2900.0,45700.0,34300.0,548000.0
758,759,Rclbeauty101,14400000,3900312631.0,Rclbeauty101,463,2200.0,34500.0,25900.0,414500.0
759,760,Coke Studio,14400000,4035738731.0,Rohail Hyatt,450,889.0,14200.0,10700.0,170700.0
760,761,Indore Physical Academy,14400000,4156427797.0,Indore Physical Academy,1838,17600.0,281600.0,211200.0,3400000.0
761,762,Rosanna Pansino,14400000,4597228794.0,Rosanna Pansino,1248,6700.0,106700.0,80000.0,1300000.0
762,763,Harry Styles,14400000,5689224452.0,harrystyles,0,0.0,0.0,0.0,0.0
763,764,Vlad and Niki PRT,14400000,6543282459.0,Vlad and Niki PRT,516,10000.0,160400.0,120300.0,1900000.0
764,765,RS 1313 SHORTS,14400000,8011977288.0,RS 1313 SHORTS,5628,53200.0,850600.0,637900.0,10200000.0
765,766,Zig & Sharko,14400000,9023952946.0,Zig & Sharko,978,15700.0,250800.0,188100.0,3000000.0
766,767,SelenaGomezVEVO,14400000,11423792969.0,SelenaGomezVEVO,186,22200.0,354600.0,266000.0,4300000.0
767,768,ZEE5,14400000,18515587421.0,ZEE5,101401,37400.0,599200.0,449400.0,7200000.0
768,769,Super Polina,14300000,4776507159.0,Super Polina,576,103.0,1700.0,1200.0,19900.0
769,770,Rebecca Zamolo,14300000,6388439235.0,RebeccaZamolo,1,0.0,0.0,0.0,0.0
770,771,Wish 107.5,14200000,6048517979.0,Wish 107.5,1823,15700.0,250600.0,188000.0,3000000.0
771,772,Invento na Hora,14200000,4040297006.0,Invento na Hora,1281,4800.0,76100.0,57100.0,913400.0
772,773,SIS vs BRO,14200000,6973932553.0,SiS,60,0.03,0.42,0.32,5.0
773,774,NikkieTutorials,14200000,1778318927.0,NikkieTutorials,876,9000.0,143700.0,107800.0,1700000.0
774,775,TommyInnit,14200000,2084791147.0,TommyInnit,342,13600.0,217200.0,162900.0,2600000.0
775,776,E-MasterSensei,14200000,3920559552.0,E-MasterSensei,1300,11100.0,178300.0,133700.0,2100000.0
776,777,infobells - Kannada,14200000,6554000320.0,infobells - Kannada,433,35400.0,566800.0,425100.0,6800000.0
777,778,Crazy Frog,14200000,7946322061.0,CrazyFrog,0,0.0,0.0,0.0,0.0
778,779,The Dodo,14200000,9964116817.0,Dorukhan Gï¿½ï¿½ï,8,2.0,29.0,22.0,346.0
779,780,SEVENGERS,14200000,10238593147.0,SEVENGERS,872,92000.0,1500000.0,1100000.0,17700000.0
780,781,Zee Bangla,14200000,11428794827.0,Zee Bangla,132398,15000.0,239700.0,179800.0,2900000.0
781,782,DangMattSmith,14200000,3317805543.0,DangMattSmith,1724,3200.0,51600.0,38700.0,619300.0
782,783,Neha Kakkar,14100000,2131548711.0,Neha Kakkar,149,6400.0,102400.0,76800.0,1200000.0
783,784,#Refugio Mental,14100000,3594936775.0,#Refugio Mental,846,1700.0,27800.0,20800.0,333200.0
784,785,ýýýýýýýýýýýýýýýýýýýý ýýýýýýýýýýýýýýýýýýýý,14100000,3920221322.0,ýýýýýýýýýýýýýýýýýýýý ýýýýýýýýýýýýýýýýýýýý,65,5.0,81.0,61.0,977.0
785,786,Trap City,14100000,5129529846.0,TrapCity,3,0.04,0.59,0.44,7.0
786,787,Supercar Blondie,14100000,5405563355.0,Supercar Blondie,855,88300.0,1400000.0,1100000.0,17000000.0
787,788,Yudist Ardhana,14100000,6036496916.0,Yudist Ardhana,2854,44000.0,704200.0,528200.0,8500000.0
788,789,Lana Del Rey,14100000,6884215292.0,Lana Del Rey,43,33900.0,542300.0,406700.0,6500000.0
789,790,MalumaVEVO,14100000,19013942981.0,MalumaVEVO,182,24700.0,395300.0,296500.0,4700000.0
790,791,F2Freestylers - Ultimate Soccer Skills Channel,14100000,3280481927.0,F2Freestylers - Ultimate Soccer Skills Channï¿½,777,2600.0,40900.0,30700.0,490600.0
791,792,Bie The Ska,14100000,4627069704.0,Bie The Ska,1540,3100.0,50000.0,37500.0,600100.0
792,793,AM3NlC,14000000,4959982720.0,AM3NlC,5757,2600.0,40800.0,30600.0,490100.0
793,794,Narins Beauty,14000000,2214167846.0,Narins Beauty,431,3400.0,54800.0,41100.0,658000.0
794,795,TV Ana Emilia,14000000,4674164601.0,TV Ana Emilia,651,6700.0,107100.0,80300.0,1300000.0
795,796,ýýýýýýýýýýýý,14000000,7719743112.0,ýýýýýýýýýýýý,2210,37600.0,602300.0,451700.0,7200000.0
796,797,Luli Pampï¿½,14000000,8623705301.0,Luli Pampï¿½,294,50400.0,806600.0,605000.0,9700000.0
797,798,Gallina Pintadita,14000000,9660950823.0,Gallina Pintadita,62,17700.0,282500.0,211900.0,3400000.0
798,799,ViralHog,14000000,18917687143.0,ViralHog,41117,340900.0,5500000.0,4100000.0,65500000.0
799,800,ETV Jabardasth,14000000,13542939513.0,ETV Jabardasth,9652,33400.0,534300.0,400800.0,6400000.0
800,801,Zee Telugu,14000000,12597067132.0,zeetelugu,3,0.0,0.03,0.02,0.34
801,802,Crescendo com Luluca,14000000,5094050461.0,Crescendo com Luluca,1307,17000.0,272200.0,204200.0,3300000.0
802,803,Jazzghost,13900000,5673347763.0,Jazzghost,5494,26700.0,426900.0,320200.0,5100000.0
803,804,karameeshchannel,13900000,9106781518.0,karameeshchannel,2254,21900.0,350600.0,262900.0,4200000.0
804,805,Darkar Company Studios,13900000,2244318380.0,Darkar Company Studios,183,1100.0,18400.0,13800.0,220700.0
805,806,Dental Digest,13900000,7450345720.0,Dental Digest,324,57900.0,926200.0,694700.0,11100000.0
806,807,T-Series Regional,13900000,5217553897.0,T-Series Regional,15075,8400.0,133900.0,100500.0,1600000.0
807,808,ADEL et SAMI,13900000,5465532801.0,ADEL et SAMI,503,6700.0,107500.0,80600.0,1300000.0
808,809,Jamuna TV,13900000,12129583055.0,jamuna tv24,6,0.0,0.0,0.0,0.05
809,810,Atlantic Records,13900000,12513842343.0,Atlantic Records,1660,24300.0,389100.0,291900.0,4700000.0
810,811,ýýýýýýýý ýý ýýýýýýýýýýýý,13900000,8451754769.0,ýýýýýýýý ýý ýýýýýýýýýýýý,504,28600.0,457000.0,342800.0,5500000.0
811,812,Veritasium,13900000,2165885634.0,Veritasium,369,11000.0,176600.0,132400.0,2100000.0
812,813,Alexa Rivera,13900000,3193226072.0,Alexa Rivera,288,35700.0,571000.0,428300.0,6900000.0
813,814,Airrack,13800000,2224911030.0,Airrack,173,24900.0,398600.0,299000.0,4800000.0
814,815,Hacksmith Industries,13800000,1820559912.0,Hacksmith Industries,887,21000.0,335800.0,251800.0,4000000.0
815,816,JD Pantoja,13800000,1493776391.0,JD Pantoja,16,3400.0,54100.0,40600.0,649600.0
816,817,ýýýýýýýý/Atro,13800000,2480957682.0,ýýýýýýýý/Atro,1952,13800.0,220500.0,165400.0,2600000.0
817,818,123 GO! Spanish,13800000,5019136690.0,123 GO! Spanish,520,6600.0,106100.0,79600.0,1300000.0
818,819,Geo News,13800000,5727888539.0,Geo News,190093,25000.0,400200.0,300200.0,4800000.0
819,820,Kids TV India Hindi Nursery Rhymes,13800000,6646953396.0,Kids TV India Hindi Nursery Rhymes,1505,19700.0,314600.0,236000.0,3800000.0
820,821,Think Music India,13800000,11039343563.0,Think Music India,4978,54300.0,868400.0,651300.0,10400000.0
821,822,O Que Nï¿½ï¿½ï¿½ï¿½ï¿½ï¿,13700000,1967930734.0,O Que Nï¿½ï¿½ï¿½ï¿½ï¿½ï¿,696,22000.0,351200.0,263400.0,4200000.0
822,823,Goldmines Premiere,13700000,1973638757.0,Goldmines Premiere,975,9400.0,150600.0,112900.0,1800000.0
823,824,MAIKI021,13700000,1950178163.0,MAIKI021,3298,1900.0,29800.0,22300.0,357000.0
824,825,The Vishal bhatt,13700000,9596430464.0,The Vishal bhatt,1040,94800.0,1500000.0,1100000.0,18200000.0
825,826,NishaMadhulika,13700000,2939201386.0,NishaMadhulika,2158,5600.0,88900.0,66700.0,1100000.0
826,827,MyMissAnand,13700000,4963275018.0,MyMissAnand,340,7000.0,111500.0,83600.0,1300000.0
827,828,FAPTV,13700000,5457203710.0,FAPTV,863,8800.0,140500.0,105400.0,1700000.0
828,829,Wesley Safadï¿½,13700000,8134379376.0,Wesley Safadï¿½,438,16000.0,256200.0,192200.0,3100000.0
829,830,infobells,13700000,5178142148.0,infobells,495,6000.0,95600.0,71700.0,1100000.0
830,831,Desi Gamers,13700000,2135195239.0,Desi gamers,1,0.0,0.02,0.02,0.24
831,832,Acenix,13600000,2122062016.0,Acenix,368,11900.0,189700.0,142300.0,2300000.0
832,833,Zeinab Harake,13600000,896891351.0,Zeinab Harake,273,3000.0,48400.0,36300.0,580200.0
833,834,DALLMYD,13600000,1948925559.0,DALLMYD,412,7700.0,122700.0,92000.0,1500000.0
834,835,Lindsey Stirling,13600000,3764608356.0,Lindsey Stirling,199,3800.0,61100.0,45800.0,733300.0
835,836,JOJO TV - Hindi Stories,13600000,5141201173.0,JOJO TV - Hindi Stories,1097,2700.0,43100.0,32300.0,516700.0
836,837,BBC,13600000,9685060624.0,BBC,16047,11100.0,177700.0,133200.0,2100000.0
837,838,Saturday Night Live,13600000,14717282742.0,Saturday Night Live,8335,14200.0,226500.0,169900.0,2700000.0
838,839,BUDI01 GAMING,13500000,1181292450.0,BUDI01 GAMING,319,3400.0,53700.0,40300.0,644900.0
839,840,Typical Gamer,13500000,4301581610.0,Typical Gamer,4312,8100.0,130200.0,97700.0,1600000.0
840,841,Anaysa,13500000,3445794123.0,Anaysa,591,7400.0,118800.0,89100.0,1400000.0
841,842,JULIA GISELLA,13500000,5380132790.0,Julia Gisella,19,0.4,6.0,5.0,78.0
842,843,Awakening Music,13500000,5545936485.0,Awakening Music,814,8800.0,141200.0,105900.0,1700000.0
843,844,Lady Diana,13500000,8265920659.0,Lady Diana,1403,18800.0,300600.0,225500.0,3600000.0
844,845,Sanjoy Das Official,13500000,3912334359.0,Sanjoy Das Official,1793,44800.0,716900.0,537700.0,8600000.0
845,846,Woody & Kleiny,13500000,11717217293.0,Woody & Kleiny,975,123900.0,2000000.0,1500000.0,23800000.0
846,847,Vijay Kumar Viner Vlogs,13500000,7958771872.0,Vijay Kumar Viner Vlogs,1357,27500.0,439300.0,329400.0,5300000.0
847,848,Conor Maynard,13500000,2750993392.0,Conor Maynard,321,2700.0,43100.0,32400.0,517800.0
848,849,Wengie,13500000,1900272833.0,Wengie,462,334.0,5300.0,4000.0,64100.0
849,850,Vlad y Niki Show,13400000,4622628957.0,Vlad y Niki Show,477,23100.0,368900.0,276700.0,4400000.0
850,851,Codiscos,13400000,11789678655.0,Codiscos,7356,57200.0,915600.0,686700.0,11000000.0
851,852,The World Adventures ï¿½ï¿½ï¿½ï¿½ï¿½ï¿½,13400000,2139769210.0,The World Adventures ï¿½ï¿½ï¿½ï¿½ï¿½ï¿½,1028,261.0,4200.0,3100.0,50100.0
852,853,Vibhu 96,13400000,20563378.0,Vibhu 96,256,5100.0,81100.0,60800.0,972700.0
853,854,Blockbuster Movies,13400000,2650061211.0,Blockbuster Movies,0,0.0,0.0,0.0,0.0
854,855,ATHLEAN-Xï¿½,13400000,2319515787.0,ATHLEAN-Xï¿½,1349,3600.0,58000.0,43500.0,695900.0
855,856,My Mate Nate,13400000,3363634923.0,My Mate Nate,1195,10400.0,166700.0,125000.0,2000000.0
856,857,H2ODelirious,13400000,4356686216.0,H2ODelirious,3727,4200.0,67100.0,50400.0,805700.0
857,858,GMA Integrated News,13400000,9569814790.0,GMA Integrated News,296272,28900.0,461800.0,346400.0,5500000.0
858,859,Peet Montzingo,13400000,10022557589.0,Peet Montzingo,319,99400.0,1600000.0,1200000.0,19100000.0
859,860,The Q,13400000,4306212515.0,Tom Duggan,96,0.0,0.01,0.01,0.14
860,861,Trakin Tech,13300000,2262690743.0,Trakin Tech,3640,10900.0,174700.0,131000.0,2100000.0
861,862,theRadBrad,13300000,6050102764.0,theRadBrad,8195,3900.0,62800.0,47100.0,753300.0
862,863,Matt Steffanina,13300000,3299216601.0,Matt Steffanina,331,482.0,7700.0,5800.0,92600.0
863,864,Stray Kids,13300000,3364230487.0,straykids,3,0.0,0.01,0.01,0.1
864,865,Kurt Hugo Schneider,13300000,3733856870.0,Kurt Hugo Schneider,698,1100.0,16900.0,12700.0,203200.0
865,866,Vogue,13300000,4177184071.0,Vogue,3166,11300.0,180400.0,135300.0,2200000.0
866,867,ýýýýýýýýýýýýýýýýýý,13300000,6482687220.0,ýýýýýýýýýýýýýýýýýý,608,22600.0,361000.0,270700.0,4300000.0
867,868,Kids Lineï¿½ï¿½ï¿½ï¿½ï¿½ï¿½ï¿½,13300000,9088562002.0,Kids Lineï¿½ï¿½ï¿½ï¿½ï¿½ï¿½ï¿½,2742,40500.0,647600.0,485700.0,7800000.0
868,869,VexTrex,13300000,7923901253.0,VexTrex,2411,0.0,0.0,0.0,0.0
869,870,penguinz0,13300000,7773543609.0,penguinz0,4613,47200.0,755800.0,566800.0,9100000.0
870,871,Just For Laughs Gags,13300000,7406628736.0,Just For Laughs Gags,6916,4400.0,69900.0,52400.0,838500.0
871,872,Kabita's Kitchen,13300000,2831275503.0,Kabita's Kitchen,1489,10800.0,172500.0,129400.0,2100000.0
872,873,BanderitaX,13300000,4129249415.0,BanderitaX,1640,17700.0,282800.0,212100.0,3400000.0
873,874,AzzyLand,13300000,6412313570.0,AzzyLand,1749,1300.0,21500.0,16200.0,258600.0
874,875,HUBAï¿½ï¿½,13200000,9884886099.0,HUBAï¿½ï¿½,538,79900.0,1300000.0,958900.0,15300000.0
875,876,BIBO ï¿½ï¿½ï¿½ï¿½ï¿½ï¿,13200000,1148422000.0,BIBO ï¿½ï¿½ï¿½ï¿½ï¿½ï¿,192,2200.0,35100.0,26300.0,420900.0
876,877,Brawl Stars,13200000,2036408398.0,Brawl Stars,172,5100.0,81500.0,61100.0,977700.0
877,878,Ei Nerd,13200000,3568392223.0,Einerd,0,0.0,0.0,0.0,0.0
878,879,Sonotek Bhakti,13200000,3789736218.0,Sonotek Bhakti,8019,6300.0,101300.0,76000.0,1200000.0
879,880,Vilmei,13200000,4205664894.0,Vilmei,1324,66100.0,1100000.0,792900.0,12700000.0
880,881,MC Divertida,13200000,5224764969.0,MC Divertida,413,16100.0,258100.0,193600.0,3100000.0
881,882,The Infographics Show,13200000,5263540904.0,The Infographics Show,4279,13000.0,207300.0,155500.0,2500000.0
882,883,jbalvinVEVO,13200000,20743586601.0,jbalvinVEVO,237,21600.0,345100.0,258800.0,4100000.0
883,884,ýýýýýýTwinsFromRussia,13200000,9378175604.0,ýýýýýýTwinsFromRussia,6888,29800.0,477600.0,358200.0,5700000.0
884,885,Technology Gyan,13200000,1138262456.0,Technology Gyan,1022,4600.0,74100.0,55600.0,888900.0
885,886,CookingShooking Hindi,13200000,1758603195.0,CookingShooking Hindi,393,2900.0,46000.0,34500.0,551500.0
886,887,Ryan Trahan,13100000,2182651464.0,Ryan Trahan,33,0.06,0.99,0.74,12.0
887,888,Alex Gonzaga Official,13100000,1401914513.0,Alex Gonzaga Official,287,2700.0,43400.0,32500.0,520700.0
888,889,WiederDude,13100000,2733682792.0,WiederDude,289,14200.0,227600.0,170700.0,2700000.0
889,890,Ian Boggs,13100000,9110348202.0,Ian Boggs,1327,82300.0,1300000.0,987900.0,15800000.0
890,891,Lokdhun Punjabi,13100000,4712624489.0,Lokdhun Punjabi,1262,8600.0,137800.0,103300.0,1700000.0
891,892,Knowledge Tv ï¿½ï¿½ï¿½ï¿½ï¿½ï¿½,13100000,1936582704.0,Knowledge Tv ï¿½ï¿½ï¿½ï¿½ï¿½ï¿½,7,0.0,0.01,0.01,0.1
892,893,Painzeiro,13100000,2555801802.0,Painzeiro,1077,11000.0,176000.0,132000.0,2100000.0
893,894,Peppa Pig em Portuguï¿½ï¿½ï¿½ï¿½ï¿½ï¿½ï¿½ï¿½ï¿,13100000,4214172991.0,Peppa Pig em Portuguï¿½ï¿½ï¿½ï¿½ï¿½ï¿½ï¿½ï¿½ï¿½,1365,6800.0,109400.0,82000.0,1300000.0
894,895,ýýýýýýýýýýýýýýý Ms Yeah,13100000,4399833602.0,ýýýýýýýýýýýýýýý Ms Yeah,435,15200.0,242600.0,182000.0,2900000.0
895,896,Hungria Hip Hop,13100000,4608751851.0,Hungria Hip Hop,73,12100.0,192900.0,144700.0,2300000.0
896,897,RaptorGamer,13100000,2879263916.0,RaptorGamer,1444,15700.0,251600.0,188700.0,3000000.0
897,898,RedeTV,13100000,5333569294.0,RedeTV,36760,4400.0,70400.0,52800.0,844200.0
898,899,twenty one pilots,13100000,5264039679.0,twenty one pilots,194,12700.0,203700.0,152800.0,2400000.0
899,900,DJ Khaled,13100000,6637820731.0,DjKhaled,12,0.09,2.0,1.0,18.0
900,901,Davie504,13000000,2683297849.0,Davie504,838,7500.0,119500.0,89600.0,1400000.0
901,902,Everson Zoio,13000000,1024467771.0,Everson Zoio,625,763.0,12200.0,9200.0,146500.0
902,903,Calon Sarjana,13000000,10664585.0,Calon Sarjana,29,0.0,0.0,0.0,0.0
903,904,Lofi Girl,13000000,1698279553.0,Lofi Girl,409,7600.0,121900.0,91400.0,1500000.0
904,905,Jomy Production,13000000,5057163256.0,SRK Edie soon,8,0.0,0.01,0.01,0.1
905,906,GH'S,13000000,8739174649.0,GH'S,510,270300.0,4300000.0,3200000.0,51900000.0
906,907,JesseAndMike,13000000,9999238237.0,JesseAndMike,716,10300.0,164400.0,123300.0,2000000.0
907,908,Wolfoo Channel,13000000,301547793.0,Wolfoo Channel,22,0.15,2.0,2.0,28.0
908,909,Susy Mouriz,13000000,6270909026.0,Susy Mouriz,1299,92100.0,1500000.0,1100000.0,17700000.0
909,910,7 Minutoz,13000000,4349562794.0,7 Minutoz,521,7400.0,118100.0,88600.0,1400000.0
910,911,The LaBrant Fam,13000000,4637474071.0,The LaBrant Fam,612,0.0,0.0,0.0,0.0
911,912,Pastor Antï¿½ï¿½ï¿½ï¿½ï,12900000,2112274210.0,Pastor Antï¿½ï¿½ï¿½ï¿½ï,4712,7900.0,127200.0,95400.0,1500000.0
912,913,Matheus Yurley,12900000,140022442.0,Matheus Yurley,69,37.0,591.0,443.0,7100.0
913,914,gymvirtual,12900000,2509752944.0,gymvirtual,1572,3000.0,48000.0,36000.0,575700.0
914,915,BIBOï¿½ï¿½ï¿½ï¿½ï,12900000,3178222797.0,BIBOï¿½ï¿½ï¿½ï¿½ï,193,1000.0,16000.0,12000.0,192100.0
915,916,Top Viral Talent,12900000,3643698504.0,Top Viral Talent,1598,7300.0,117500.0,88100.0,1400000.0
916,917,Akon,12900000,6300933122.0,Akon,39,22800.0,365000.0,273700.0,4400000.0
917,918,AlArabiya ï¿½ï¿½ï¿½ï¿½ï¿,12900000,7520379951.0,AlArabiya ï¿½ï¿½ï¿½ï¿½ï¿,169304,20100.0,320900.0,240700.0,3900000.0
918,919,Rauw Alejandro,12900000,11504090820.0,Rauw Alejandro,168,51400.0,822200.0,616600.0,9900000.0
919,920,EnriqueIglesiasVEVO,12900000,15446707595.0,EnriqueIglesiasVEVO,137,18900.0,303100.0,227300.0,3600000.0
920,921,ýýýýýýýý ýýýý ýýýýýýýýýýýýýý,12900000,5585085130.0,ýýýýýýýý ýýýý ýýýýýýýýýýýýýý,1255,17800.0,284500.0,213400.0,3400000.0
921,922,The Shiny Peanut,12900000,2848466522.0,The Shiny Peanut,2337,209.0,3400.0,2500.0,40200.0
922,923,Talking Angela,12800000,3632438963.0,Talking Angela,233,7000.0,111800.0,83900.0,1300000.0
923,924,Melon City Show - ï¿½ï¿½ï¿½ï¿½ï¿½ï¿½ï¿½ï¿½ï¿½ï¿½ï¿,12800000,5863456698.0,Melon City Show - ï¿½ï¿½ï¿½ï¿½ï¿½ï¿½ï¿½ï¿½ï¿½ï¿,1727,8800.0,141300.0,106000.0,1700000.0
924,925,Duo Tiempo De Sol,12800000,6662288136.0,Duo Tiempo De Sol,323,13500.0,216000.0,162000.0,2600000.0
925,926,Troom Troom India,12800000,6804072897.0,Troom Troom India,2385,4300.0,69100.0,51800.0,829000.0
926,927,MrSuicideSheep,12800000,6970899521.0,MrSuicideSheep,3483,4500.0,72500.0,54400.0,869600.0
927,928,Adam W,12800000,9502983550.0,Adam W,681,57200.0,915800.0,686900.0,11000000.0
928,929,Right to Shiksha,12800000,7876740921.0,Right to Shiksha,2044,53400.0,855000.0,641200.0,10300000.0
929,930,Beyoncï¿½ï¿½,12800000,14185611472.0,Beyoncï¿½ï¿½,168,22400.0,358300.0,268700.0,4300000.0
930,931,FACT FIRE KING,12700000,1159290255.0,FACT FIRE KING,782,12800.0,205200.0,153900.0,2500000.0
931,932,Ian Lucas,12700000,1450874545.0,Ian Lucas,50,0.0,0.0,0.0,0.0
932,933,Franco Escamilla,12700000,4266957149.0,Franco Escamilla,2483,19400.0,309900.0,232400.0,3700000.0
933,934,Adexe & Nau,12700000,4579773883.0,Adexe & Nau,594,2500.0,40300.0,30200.0,484000.0
934,935,Diana and Roma IND,12700000,5567832210.0,Diana and Roma IND,534,11700.0,186400.0,139800.0,2200000.0
935,936,Jass Records,12700000,5958994201.0,JassRecords,1,0.0,0.0,0.0,0.05
936,937,Future,12700000,9927699419.0,Future AMV's,119,118.0,1900.0,1400.0,22700.0
937,938,YoungBoy Never Broke Again,12700000,13174393401.0,YoungBoy Never Broke Again,142,42500.0,679900.0,509900.0,8200000.0
938,939,Blossom,12700000,4733873025.0,Blossom,812,11000.0,175500.0,131600.0,2100000.0
939,940,#Refï¿½ï¿½ï¿½ï¿½,12700000,2709954270.0,#Refugio Mental,846,1700.0,27800.0,20800.0,333200.0
940,941,Piuzinho,12700000,1081285962.0,Piuzinho,504,905.0,14500.0,10900.0,173700.0
941,942,Heidi y Zidane,12700000,6001189018.0,Heidi y Zidane,600,4000.0,64500.0,48400.0,773600.0
942,943,Go Ami Go!,12700000,1714955279.0,Go Ami Go!,252,81900.0,1300000.0,982800.0,15700000.0
943,944,Morgz,12600000,3303595310.0,Morgz,825,14700.0,235400.0,176500.0,2800000.0
944,945,CaseyNeistat,12600000,3152402405.0,CaseyNeistat,1101,1500.0,23800.0,17900.0,285700.0
945,946,ýýýýýýýýýSULGI,12600000,3485373675.0,ýýýýýýýýýSULGI,683,28300.0,452500.0,339400.0,5400000.0
946,947,NickiMinajAtVEVO,12600000,8831179714.0,NickiMinajAtVEVO,99,8800.0,140100.0,105100.0,1700000.0
947,948,Ellie Goulding,12600000,6969178081.0,Ellie Goulding,218,9200.0,146700.0,110000.0,1800000.0
948,949,colinfurze,12500000,1612094871.0,colinfurze,385,2100.0,33900.0,25400.0,407200.0
949,950,People Vs Food,12500000,1136534702.0,People Vs Food,601,3800.0,61400.0,46000.0,736300.0
950,951,Wolfoo Family,12500000,161254021.0,Wolfoo Family,61,0.0,0.0,0.0,0.0
951,952,Ja Mill,12500000,1302818088.0,jamill,0,0.0,0.0,0.0,0.0
952,953,Health Time,12500000,1002219689.0,Health Time,1810,349.0,5600.0,4200.0,66900.0
953,954,Yair17,12500000,1402042328.0,Yair17,1109,2200.0,35500.0,26600.0,425700.0
954,955,Little Baby Bum en Espaï¿½ï,12500000,6956320454.0,Little Baby Bum en Espaï¿½ï,1459,4100.0,65300.0,49000.0,783300.0
955,956,First We Feast,12500000,2983799729.0,First We Feast,1076,27800.0,445000.0,333800.0,5300000.0
956,957,Mï¿½ï¿½ï¿½ï¿½,12500000,3140883140.0,Mï¿½ï¿½ï¿½ï¿½,766,7800.0,124000.0,93000.0,1500000.0
957,958,Bebefinn - Nursery Rhymes & Kids Songs,12500000,4163639093.0,Bebefinn - Nursery Rhymes & Kids Songs,322,0.0,0.0,0.0,0.0
958,959,Troom Troom PT,12500000,4384177908.0,Troom Troom PT,2738,3400.0,54000.0,40500.0,648100.0
959,960,Parafernalha,12500000,4625777945.0,Parafernalha,1888,1800.0,28600.0,21500.0,343600.0
960,961,NDTV,12500000,4935793409.0,NDTV,151136,14600.0,234100.0,175600.0,2800000.0
961,962,elcarteldesantatv,12500000,7489455451.0,elcarteldesantatv,377,29000.0,463500.0,347600.0,5600000.0
962,963,Family Fitness,12500000,10384848759.0,Family Fitness,1699,58900.0,942900.0,707100.0,11300000.0
963,964,Zee Tamil,12500000,11552190002.0,Zee Tamil,102699,87500.0,1400000.0,1000000.0,16800000.0
964,965,Flowers Comedy,12500000,11691081301.0,Flowers Comedy,11907,45000.0,720100.0,540100.0,8600000.0
965,966,Mundo Bita,12500000,16690788752.0,Mundo Bita,253,53400.0,854800.0,641100.0,10300000.0
966,967,Wave Music Bhakti,12500000,5146004207.0,Wave Music Bhakti,19899,2800.0,44300.0,33200.0,531800.0
967,968,Troom Troom Indonesia,12500000,5379684248.0,TROOM TROOM INDONESIA,8,0.0,0.0,0.0,0.05
968,969,CKM,12500000,4465772496.0,CKM,117,3300.0,52600.0,39400.0,630800.0
969,970,Quantum Tech HD,12500000,4340213066.0,Mr_Mughall Gaming,223,2.0,35.0,26.0,419.0
970,971,_vector_,12400000,7597013023.0,_vector_,398,225900.0,3600000.0,2700000.0,43400000.0
971,972,DEV Ke Facts,12400000,1971226335.0,DEV Ke Facts,218,68400.0,1100000.0,821000.0,13100000.0
972,973,Hero Movies 2023,12400000,1689090619.0,Hero Movies 2023,689,5500.0,87300.0,65500.0,1000000.0
973,974,LOUD,12400000,2394143260.0,WatchLOUD,690,7.0,110.0,83.0,1300.0
974,975,Gibby :),12400000,2862685032.0,Gibby :),226,2600.0,41100.0,30800.0,493300.0
975,976,Gustavo Parï¿½ï¿½,12400000,2602614088.0,GustavoParodias,9,0.0,0.0,0.0,0.0
976,977,SAAIHALILINTAR,12400000,1113066203.0,SAAIHALILINTAR,409,202.0,3200.0,2400.0,38700.0
977,978,Timba Vk,12400000,2840137980.0,Timba Vk,1024,6000.0,96100.0,72100.0,1200000.0
978,979,Heidi and Zidane HZHtube,12400000,4021409291.0,Heidi and Zidane HZHtube,813,2400.0,38400.0,28800.0,460600.0
979,980,DaniRep | +6 Vï¿½ï¿½ï¿½ï¿½ï¿½ï¿½ï¿½ï¿½ï¿½ï¿½ï,12400000,6933660906.0,DaniRep | +6 Vï¿½ï¿½ï¿½ï¿½ï¿½ï¿½ï¿½ï¿½ï¿½ï¿½ï,12419,20700.0,330600.0,247900.0,4000000.0
980,981,Zee Kids,12400000,7683670251.0,Zee Kids,1212,23800.0,380700.0,285500.0,4600000.0
981,982,Pari's Lifestyle,12400000,7741764747.0,Pari's Lifestyle,459,9500.0,152700.0,114500.0,1800000.0
982,983,DisneyChannelUK,12400000,12607488647.0,DisneyChannelUK,4422,8700.0,139000.0,104300.0,1700000.0
983,984,MoniLina,12400000,16086808918.0,MoniLinaFamily,0,0.0,0.0,0.0,0.0
984,985,bharatzkitchen HINDI,12400000,2315226648.0,bharatzkitchen HINDI,729,7700.0,123900.0,92900.0,1500000.0
985,986,TKOR,12400000,3392022527.0,TKoR,0,0.0,0.0,0.0,0.0
986,987,ANNA KOVA,12400000,13959586308.0,annakova,1,0.0,0.01,0.01,0.1
987,988,Avril Lavigne,12400000,6202090191.0,Avril Lavigne,205,12500.0,200800.0,150600.0,2400000.0
988,989,Caylus,12400000,4779139505.0,Caylus,1340,44400.0,710400.0,532800.0,8500000.0
989,990,Migos ATL,12400000,6993406259.0,Migos ATL,99,12400.0,197600.0,148200.0,2400000.0
990,991,Natan por Aï¿,12300000,9029609749.0,Natan por Aï¿,1200,138100.0,2200000.0,1700000.0,26500000.0
991,992,Free Fire India Official,12300000,1674409945.0,Free Fire India Official,1500,16200.0,258900.0,194200.0,3100000.0
992,993,Panda,12300000,2214684303.0,HybridPanda,2452,17.0,268.0,201.0,3200.0
993,994,RobTopGames,12300000,374123483.0,RobTopGames,39,968.0,15500.0,11600.0,185800.0
994,995,Make Joke Of,12300000,2129773714.0,Make Joke Of,62,6000.0,96000.0,72000.0,1200000.0
